,Smiles_template,Smarts_template,edit_site,change_H
0,N>>O=C(-[N;+0:1])-O-C-c1:c:c:c:c:c:1,[N;+0:1]>>O=C(-[N;+0:1])-O-C-c1:c:c:c:c:c:1,[1],{1: -1}
1,CN>>O-[C;+0:1].[N;+0:2],[C;+0:1]-[N;+0:2]>>O-[C;+0:1].[N;+0:2],"[(1, 2)]","{1: 0, 2: 1}"
2,CN>>O=[C;+0:1].[N;+0:2],[C;+0:1]-[N;+0:2]>>O=[C;+0:1].[N;+0:2],"[(1, 2)]","{1: -1, 2: 1}"
3,CN>>Cl-[C;+0:1].[N;+0:2],[C;+0:1]-[N;+0:2]>>Cl-[C;+0:1].[N;+0:2],"[(1, 2)]","{1: 0, 2: 1}"
4,CC>>Br-[c;+0:1].O-B(-O)-[c;+0:2],[c;+0:2]-[c;+0:1]>>Br-[c;+0:1].O-B(-O)-[c;+0:2],"[(1, 2)]","{1: 0, 2: 0}"
5,CC>>Br-[c;+0:1].C-C1(-C)-O-B(-[c;+0:2])-O-C-1(-C)-C,[c;+0:2]-[c;+0:1]>>Br-[c;+0:1].C-C1(-C)-O-B(-[c;+0:2])-O-C-1(-C)-C,"[(1, 2)]","{1: 0, 2: 0}"
6,CO>>[C;+0:1]=[O;+0:2],[C;+0:1]-[O;+0:2]>>[C;+0:1]=[O;+0:2],"[(1, 2)]","{1: -1, 2: -1}"
7,CO>>Br-[C;+0:1].[O;+0:2],[C;+0:1]-[O;+0:2]>>Br-[C;+0:1].[O;+0:2],"[(1, 2)]","{1: 0, 2: 1}"
8,O>>C-C(-C)(-C)-[O;+0:1],[O;+0:1]>>C-C(-C)(-C)-[O;+0:1],[1],{1: -1}
9,N>>C-O-c1:c:c:c(-C-[n;+0:1]):c:c:1,[n;+0:1]>>C-O-c1:c:c:c(-C-[n;+0:1]):c:c:1,[1],{1: -1}
10,O>>C-[O;+0:1],[O;+0:1]>>C-[O;+0:1],[1],{1: -1}
11,CN>>F-[c;+0:1].[N;+0:2],[c;+0:1]-[N;+0:2]>>F-[c;+0:1].[N;+0:2],"[(1, 2)]","{1: 0, 2: 1}"
12,CS>>F-[c;+0:1].[S;+0:2],[c;+0:1]-[S;+0:2]>>F-[c;+0:1].[S;+0:2],"[(1, 2)]","{1: 0, 2: 1}"
13,N>>[N;+0:1]-C-c1:c:c:c:c:c:1,[N;+0:1]>>[N;+0:1]-C-c1:c:c:c:c:c:1,[1],{1: -1}
14,C=C>>O=[C;+0:1].[C;+0:2],[C;+0:1]=[C;+0:2]>>O=[C;+0:1].[C;+0:2],"[(1, 2)]","{1: 0, 2: 2}"
15,CO>>Br-[C;+0:1].[O;-1:2],[C;+0:1]-[O;+0:2]>>Br-[C;+0:1].[O;-1:2],"[(1, 2)]","{1: 0, 2: 0}"
16,CN>>Br-[C;+0:1].[N;+0:2],[C;+0:1]-[N;+0:2]>>Br-[C;+0:1].[N;+0:2],"[(1, 2)]","{1: 0, 2: 1}"
17,C>>C-[Si](-C)(-C)-[C;+0:1],[C;+0:1]>>C-[Si](-C)(-C)-[C;+0:1],[1],{1: -1}
18,OS>>Cl-[S;+0:1].[O;+0:2],[S;+0:1]-[O;+0:2]>>Cl-[S;+0:1].[O;+0:2],"[(2, 1)]","{1: 0, 2: 1}"
19,NCN>>[C;+0:1]=[N;+0:2].[N;+0:3],[N;+0:2]-[C;+0:1]-[N;+0:3]>>[C;+0:1]=[N;+0:2].[N;+0:3],"[(1, 3)]","{3: 1, 1: 0, 2: -1}"
20,CN>>Br-[c;+0:1].[N;+0:2],[c;+0:1]-[N;+0:2]>>Br-[c;+0:1].[N;+0:2],"[(1, 2)]","{1: 0, 2: 1}"
21,C1=CCCCC1>>[C;+0:1]=[C;+0:2].[C;+0:3]=[C;+0:4]-[C;+0:5]=[C;+0:6],[C;+0:1]1-[C;+0:2]-[C;+0:3]-[C;+0:4]=[C;+0:5]-[C;+0:6]-1>>[C;+0:1]=[C;+0:2].[C;+0:3]=[C;+0:4]-[C;+0:5]=[C;+0:6],"[(1, 6), (2, 3)]","{1: 0, 2: 0, 3: 0, 4: 0, 5: 0, 6: 0}"
22,C=C>>O=[C;+0:1].[C;+0:2]=P(-c1:c:c:c:c:c:1)(-c1:c:c:c:c:c:1)-c1:c:c:c:c:c:1,[C;+0:2]=[C;+0:1]>>O=[C;+0:1].[C;+0:2]=P(-c1:c:c:c:c:c:1)(-c1:c:c:c:c:c:1)-c1:c:c:c:c:c:1,"[(1, 2)]","{1: 0, 2: 0}"
23,CN>>Cl-[c;+0:1].[N;+0:2],[c;+0:1]-[N;+0:2]>>Cl-[c;+0:1].[N;+0:2],"[(1, 2)]","{1: 0, 2: 1}"
24,CS>>Br-[C;+0:1].[S;+0:2],[C;+0:1]-[S;+0:2]>>Br-[C;+0:1].[S;+0:2],"[(1, 2)]","{1: 0, 2: 1}"
25,NS>>Cl-[S;+0:1].[N;+0:2],[S;+0:1]-[N;+0:2]>>Cl-[S;+0:1].[N;+0:2],"[(2, 1)]","{1: 0, 2: 1}"
26,CO>>Cl-[C;+0:1].[O;+0:2],[C;+0:1]-[O;+0:2]>>Cl-[C;+0:1].[O;+0:2],"[(1, 2)]","{1: 0, 2: 1}"
27,CN>>C-C(-C)(-C)-O-C(=O)-O-[C;+0:1].[N;+0:2],[C;+0:1]-[N;+0:2]>>C-C(-C)(-C)-O-C(=O)-O-[C;+0:1].[N;+0:2],"[(1, 2)]","{1: 0, 2: 1}"
28,CC>>I-[c;+0:1].O-B(-O)-[c;+0:2],[c;+0:1]-[c;+0:2]>>I-[c;+0:1].O-B(-O)-[c;+0:2],"[(1, 2)]","{1: 0, 2: 0}"
29,CCO>>[C;+0:1].[C;+0:2]=[O;+0:3],[C;+0:1]-[C;+0:2]-[O;+0:3]>>[C;+0:1].[C;+0:2]=[O;+0:3],"[(1, 2)]","{2: 0, 3: -1, 1: 1}"
30,N>>O=[N;+1:1]-[O-],[N;+0:1]>>O=[N;+1:1]-[O-],[1],{1: -2}
31,CN>>C-C-O-[C;+0:1].[N;+0:2],[C;+0:1]-[N;+0:2]>>C-C-O-[C;+0:1].[N;+0:2],"[(1, 2)]","{1: 0, 2: 1}"
32,CC>>Cl-[c;+0:1].O-B(-O)-[c;+0:2],[c;+0:2]-[c;+0:1]>>Cl-[c;+0:1].O-B(-O)-[c;+0:2],"[(1, 2)]","{1: 0, 2: 0}"
33,CBr>>O=C1-C-C-C(=O)-N-1-[Br;+0:1].[C;+0:2],[Br;+0:1]-[C;+0:2]>>O=C1-C-C-C(=O)-N-1-[Br;+0:1].[C;+0:2],"[(2, 1)]","{1: 0, 2: 1}"
34,CC>>F-C(-F)(-F)-S(=O)(=O)-O-[C;+0:1].O-B(-O)-[c;+0:2],[C;+0:1]-[c;+0:2]>>F-C(-F)(-F)-S(=O)(=O)-O-[C;+0:1].O-B(-O)-[c;+0:2],"[(1, 2)]","{1: 0, 2: 0}"
35,CN>>F-C(-F)(-F)-C-O-[C;+0:1].[N;+0:2],[C;+0:1]-[N;+0:2]>>F-C(-F)(-F)-C-O-[C;+0:1].[N;+0:2],"[(1, 2)]","{1: 0, 2: 1}"
36,CN>>F-[c;+0:1].[N;+1:2],[c;+0:1]-[N;+0:2]>>F-[c;+0:1].[N;+1:2],"[(1, 2)]","{1: 0, 2: 2}"
37,O>>C-C-[O;+0:1],[O;+0:1]>>C-C-[O;+0:1],[1],{1: -1}
38,CN>>C-O-[C;+0:1].[N;+0:2],[C;+0:1]-[N;+0:2]>>C-O-[C;+0:1].[N;+0:2],"[(1, 2)]","{1: 0, 2: 1}"
39,CC>>[C;+0:1]=[C;+0:2],[C;+0:1]-[C;+0:2]>>[C;+0:1]=[C;+0:2],"[(1, 2)]","{1: -1, 2: -1}"
40,N>>C-C(-C)(-C)-O-C(=O)-[N;+0:1],[N;+0:1]>>C-C(-C)(-C)-O-C(=O)-[N;+0:1],[1],{1: -1}
41,CN>>Br-[C;+0:1].[n;+0:2],[C;+0:1]-[n;+0:2]>>Br-[C;+0:1].[n;+0:2],"[(1, 2)]","{1: 0, 2: 1}"
42,CCO>>[C;+0:1]=[C;+0:2].[O;+0:3],[C;+0:1]-[C;+0:2]-[O;+0:3]>>[C;+0:1]=[C;+0:2].[O;+0:3],"[(2, 3)]","{2: 0, 1: -1, 3: 1}"
43,CO>>C-O-[C;+0:1]=[O;+0:2],[C;+0:1]-[O;+0:2]>>C-O-[C;+0:1]=[O;+0:2],"[(1, 2)]","{1: -2, 2: -1}"
44,CN>>Cl-[C;+0:1].[n;+0:2],[C;+0:1]-[n;+0:2]>>Cl-[C;+0:1].[n;+0:2],"[(1, 2)]","{1: 0, 2: 1}"
45,CI>>I-C-[I;+0:1].N-[c;+0:2],[I;+0:1]-[c;+0:2]>>I-C-[I;+0:1].N-[c;+0:2],"[(2, 1)]","{1: 0, 2: 0}"
46,O>>C-C(-C)(-C)-[Si](-C)(-C)-[O;+0:1],[O;+0:1]>>C-C(-C)(-C)-[Si](-C)(-C)-[O;+0:1],[1],{1: -1}
47,N>>O=[N;+0:1],[N;+0:1]>>O=[N;+0:1],[1],{1: -2}
48,CC>>Br-[c;+0:1].[C;+0:2],[c;+0:1]-[C;+0:2]>>Br-[c;+0:1].[C;+0:2],"[(1, 2)]","{1: 0, 2: 1}"
49,CN>>C-C(=O)-O-[C;+0:1].[N;+0:2],[C;+0:1]-[N;+0:2]>>C-C(=O)-O-[C;+0:1].[N;+0:2],"[(1, 2)]","{1: 0, 2: 1}"
50,CO>>O-[C;+0:1].[O;+0:2],[C;+0:1]-[O;+0:2]>>O-[C;+0:1].[O;+0:2],"[(1, 2)]","{1: 0, 2: 1}"
51,CC>>Br-[c;+0:1].I-[C;+0:2],[c;+0:1]-[C;+0:2]>>Br-[c;+0:1].I-[C;+0:2],"[(1, 2)]","{1: 0, 2: 0}"
52,CCN>>O=[C;+0:1].[N;+0:2].[c;+0:3],[N;+0:2]-[C;+0:1]-[c;+0:3]>>O=[C;+0:1].[N;+0:2].[c;+0:3],"[(1, 2), (1, 3)]","{1: 0, 2: 1, 3: 1}"
53,CO>>Br-[c;+0:1].[O;+0:2],[c;+0:1]-[O;+0:2]>>Br-[c;+0:1].[O;+0:2],"[(1, 2)]","{1: 0, 2: 1}"
54,O>>C-C(=O)-[O;+0:1],[O;+0:1]>>C-C(=O)-[O;+0:1],[1],{1: -1}
55,CO>>F-[c;+0:1].[O;+0:2],[c;+0:1]-[O;+0:2]>>F-[c;+0:1].[O;+0:2],"[(1, 2)]","{1: 0, 2: 1}"
56,C=C>>O=[C;+0:1].[C;+0:2]-[P+](-c1:c:c:c:c:c:1)(-c1:c:c:c:c:c:1)-c1:c:c:c:c:c:1,[C;+0:2]=[C;+0:1]>>O=[C;+0:1].[C;+0:2]-[P+](-c1:c:c:c:c:c:1)(-c1:c:c:c:c:c:1)-c1:c:c:c:c:c:1,"[(1, 2)]","{1: 0, 2: 1}"
57,CO>>Cl-[c;+0:1].[O;+0:2],[c;+0:1]-[O;+0:2]>>Cl-[c;+0:1].[O;+0:2],"[(1, 2)]","{1: 0, 2: 1}"
58,CN>>Br-[c;+0:1].[n;+0:2],[c;+0:1]-[n;+0:2]>>Br-[c;+0:1].[n;+0:2],"[(1, 2)]","{1: 0, 2: 1}"
59,c1nnco1>>O=[C;+0:1]-[N;+0:2]-[N;+0:3]-[C;+0:4]=[O;+0:5],[c;+0:1]1:[n;+0:2]:[n;+0:3]:[c;+0:4]:[o;+0:5]:1>>O=[C;+0:1]-[N;+0:2]-[N;+0:3]-[C;+0:4]=[O;+0:5],"[(1, 5)]","{5: 0, 4: 0, 3: 1, 2: 1, 1: 0}"
60,CC>>C-C-C-C-[Sn](-[C;+0:1])(-C-C-C-C)-C-C-C-C.Cl-[c;+0:2],[C;+0:1]-[c;+0:2]>>C-C-C-C-[Sn](-[C;+0:1])(-C-C-C-C)-C-C-C-C.Cl-[c;+0:2],"[(1, 2)]","{1: 0, 2: 0}"
61,C>>O-[C;+0:1],[C;+0:1]>>O-[C;+0:1],[1],{1: -1}
62,c1cscn1>>Br-[C;+0:1]-[C;+0:2]=O.[N;+0:3]-[C;+0:4]=[S;+0:5],[c;+0:1]1:[c;+0:2]:[n;+0:3]:[c;+0:4]:[s;+0:5]:1>>Br-[C;+0:1]-[C;+0:2]=O.[N;+0:3]-[C;+0:4]=[S;+0:5],"[(2, 3), (1, 5)]","{2: 0, 1: 1, 5: 0, 4: 0, 3: 2}"
63,COC>>O-[C;+0:1].[C;+0:2]-[O;+0:3],[C;+0:1]-[O;+0:3]-[C;+0:2]>>O-[C;+0:1].[C;+0:2]-[O;+0:3],"[(1, 3)]","{1: 0, 3: 1, 2: 0}"
64,C>>O=[C;+0:1],[C;+0:1]>>O=[C;+0:1],[1],{1: -2}
65,CS>>Br-[c;+0:1].[S;+0:2],[c;+0:1]-[S;+0:2]>>Br-[c;+0:1].[S;+0:2],"[(1, 2)]","{1: 0, 2: 1}"
66,N>>C-C(=O)-[N;+0:1],[N;+0:1]>>C-C(=O)-[N;+0:1],[1],{1: -1}
67,CC>>Br-[c;+0:1].C-N(-C)-[C;+0:2],[C;+0:2]-[c;+0:1]>>Br-[c;+0:1].C-N(-C)-[C;+0:2],"[(1, 2)]","{1: 0, 2: 0}"
68,CC>>[c;+0:1]:[c;+0:2],[C;+0:1]-[C;+0:2]>>[c;+0:1]:[c;+0:2],"[(1, 2)]","{2: -1, 1: -1}"
69,CNC>>O-[C;+0:1].[C;+0:2]-[N;+0:3],[C;+0:1]-[N;+0:3]-[C;+0:2]>>O-[C;+0:1].[C;+0:2]-[N;+0:3],"[(1, 3)]","{1: 0, 3: 1, 2: 0}"
70,C>>C-O-C(=O)-[C;+0:1],[C;+0:1]>>C-O-C(=O)-[C;+0:1],[1],{1: -1}
71,[NH]:C:[NH]>>O-[C;+0:1]=O.[N;+0:2].[N;+0:3],[n;+0:2]:[c;+0:1]:[n;+0:3]>>O-[C;+0:1]=O.[N;+0:2].[N;+0:3],"[(1, 2), (1, 3)]","{1: 0, 2: 1, 3: 2}"
72,CO>>O-[C@@;+0:1].[O;+0:2],[C;+0:1]-[O;+0:2]>>O-[C@@;+0:1].[O;+0:2],"[(1, 2)]","{1: 0, 2: 1}"
73,CN>>C-S(=O)(=O)-O-[C;+0:1].[n;+0:2],[C;+0:1]-[n;+0:2]>>C-S(=O)(=O)-O-[C;+0:1].[n;+0:2],"[(1, 2)]","{1: 0, 2: 1}"
74,C=N>>O=[C;+0:1].[N;+0:2],[C;+0:1]=[N;+0:2]>>O=[C;+0:1].[N;+0:2],"[(1, 2)]","{1: 0, 2: 2}"
75,CC>>Br-[c;+0:1].C-C1(-C)-C-O-B(-[c;+0:2])-O-C-1,[c;+0:2]-[c;+0:1]>>Br-[c;+0:1].C-C1(-C)-C-O-B(-[c;+0:2])-O-C-1,"[(1, 2)]","{1: 0, 2: 0}"
76,CCO>>[C;+0:1]=[O;+0:2].[Mg+]-[c;+0:3],[O;+0:2]-[C;+0:1]-[c;+0:3]>>[C;+0:1]=[O;+0:2].[Mg+]-[c;+0:3],"[(1, 3)]","{3: 0, 1: 0, 2: -1}"
77,CN>>[C;+0:1]=[N;+0:2],[C;+0:1]-[N;+0:2]>>[C;+0:1]=[N;+0:2],"[(1, 2)]","{2: -1, 1: -1}"
78,N>>O=C1-[N;+0:1]-C(=O)-c2:c:c:c:c:c:2-1,[N;+0:1]>>O=C1-[N;+0:1]-C(=O)-c2:c:c:c:c:c:2-1,[1],{1: -2}
79,C=O>>[C@;+0:1]-[O;+0:2],[C;+0:1]=[O;+0:2]>>[C@;+0:1]-[O;+0:2],"[(1, 2)]","{1: 1, 2: 1}"
80,O=S>>Cl-c1:c:c:c:c(-C(=O)-O-[O;+0:1]):c:1.[S;+0:2],[O;+0:1]=[S;+0:2]>>Cl-c1:c:c:c:c(-C(=O)-O-[O;+0:1]):c:1.[S;+0:2],"[(1, 2)]","{1: 1, 2: 0}"
81,C>>Br-[c;+0:1],[c;+0:1]>>Br-[c;+0:1],[1],{1: -1}
82,C1CO1>>Cl-c1:c:c:c:c(-C(=O)-O-[O;+0:1]):c:1.[C;+0:2]=[C;+0:3],[C;+0:2]1-[C;+0:3]-[O;+0:1]-1>>Cl-c1:c:c:c:c(-C(=O)-O-[O;+0:1]):c:1.[C;+0:2]=[C;+0:3],"[(2, 1), (3, 1)]","{1: 1, 2: 0, 3: 0}"
83,CS>>Cl-[c;+0:1].[S;+0:2],[c;+0:1]-[S;+0:2]>>Cl-[c;+0:1].[S;+0:2],"[(1, 2)]","{1: 0, 2: 1}"
84,C[SH]=O>>Br-[c;+0:1].[O;-1:2]-[S;+0:3],[c;+0:1]-[S;+0:3]=[O;+0:2]>>Br-[c;+0:1].[O;-1:2]-[S;+0:3],"[(1, 3)]","{1: 0, 3: 0, 2: 0}"
85,C=O>>[C;+0:1]-[O;+0:2],[C;+0:1]=[O;+0:2]>>[C;+0:1]-[O;+0:2],"[(1, 2)]","{1: 1, 2: 1}"
86,CN>>C-C(-C)(-C)-O-[C;+0:1].[N;+0:2],[C;+0:1]-[N;+0:2]>>C-C(-C)(-C)-O-[C;+0:1].[N;+0:2],"[(1, 2)]","{1: 0, 2: 1}"
87,C[SnH]>>Br-[c;+0:1].[Sn;+0:2],[c;+0:1]-[Sn;+0:2]>>Br-[c;+0:1].[Sn;+0:2],"[(1, 2)]","{1: 0, 2: 1}"
88,[NH]:C:N:[NH]>>O=[C;+0:1].[N;+0:2]-[N;+0:3].[n;+0:4],[n;+0:2]:[n;+0:3]:[c;+0:1]:[n;+0:4]>>O=[C;+0:1].[N;+0:2]-[N;+0:3].[n;+0:4],"[(1, 3), (1, 4)]","{1: 1, 3: 2, 2: 1, 4: 0}"
89,CO>>C-C-O-[C;+0:1]=[O;+0:2],[C;+0:1]-[O;+0:2]>>C-C-O-[C;+0:1]=[O;+0:2],"[(1, 2)]","{1: -2, 2: -1}"
90,CN>>[C;+0:1]#[N;+0:2],[C;+0:1]-[N;+0:2]>>[C;+0:1]#[N;+0:2],"[(1, 2)]","{1: -2, 2: -2}"
91,CN>>C-S(=O)(=O)-O-[C;+0:1].[N;-1:2],[C;+0:1]-[N;+0:2]>>C-S(=O)(=O)-O-[C;+0:1].[N;-1:2],"[(1, 2)]","{1: 0, 2: 0}"
92,CN>>C-C-C-C-C-C-C-C-C-C-C-C-C-C-C-C-C-C-C-C-C(=O)-O-[C;+0:1].[N;+0:2],[C;+0:1]-[N;+0:2]>>C-C-C-C-C-C-C-C-C-C-C-C-C-C-C-C-C-C-C-C-C(=O)-O-[C;+0:1].[N;+0:2],"[(1, 2)]","{1: 0, 2: 1}"
93,[c;+0:1]1:[n;+0:2]:[n;+0:3]:[n;+0:4]:[n;+0:5]:1>>[C;+0:1]#[N;+0:2].[N;-1:3]=[N;+1:4]=[N;-1:5],[c;+0:1]1:[n;+0:2]:[n;+0:3]:[n;+0:4]:[n;+0:5]:1>>[C;+0:1]#[N;+0:2].[N;-1:3]=[N;+1:4]=[N;-1:5],"[(1, 5), (2, 3)]","{1: 0, 2: 0, 3: 0, 4: 0, 5: -1}"
94,CCN>>[C;+0:1]-[C;+0:2]#[N;+0:3],[C;+0:1]-[C;+0:2]-[N;+0:3]>>[C;+0:1]-[C;+0:2]#[N;+0:3],"[(2, 3)]","{1: 0, 2: -2, 3: -2}"
95,CN>>C-S(=O)(=O)-O-[C;+0:1].[N;+0:2],[C;+0:1]-[N;+0:2]>>C-S(=O)(=O)-O-[C;+0:1].[N;+0:2],"[(1, 2)]","{1: 0, 2: 1}"
96,CC>>C-C-C-C-[Sn](-[C;+0:1])(-C-C-C-C)-C-C-C-C.F-C(-F)(-F)-S(=O)(=O)-O-[c;+0:2],[C;+0:1]-[c;+0:2]>>C-C-C-C-[Sn](-[C;+0:1])(-C-C-C-C)-C-C-C-C.F-C(-F)(-F)-S(=O)(=O)-O-[c;+0:2],"[(1, 2)]","{1: 0, 2: 0}"
97,CC>>Br-[c;+0:1].C-C-C-C-[Sn](-[C;+0:2])(-C-C-C-C)-C-C-C-C,[C;+0:2]-[c;+0:1]>>Br-[c;+0:1].C-C-C-C-[Sn](-[C;+0:2])(-C-C-C-C)-C-C-C-C,"[(1, 2)]","{1: 0, 2: 0}"
98,CS>>Cl-[C;+0:1].[S;+0:2],[C;+0:1]-[S;+0:2]>>Cl-[C;+0:1].[S;+0:2],"[(1, 2)]","{1: 0, 2: 1}"
99,C>>Cl-[c;+0:1],[c;+0:1]>>Cl-[c;+0:1],[1],{1: -1}
100,CN>>O-B(-O)-[c;+0:1].[n;+0:2],[c;+0:1]-[n;+0:2]>>O-B(-O)-[c;+0:1].[n;+0:2],"[(1, 2)]","{1: 0, 2: 1}"
101,CC>>Br-[C;+0:1].[C;-1:2],[C;+0:1]-[C;+0:2]>>Br-[C;+0:1].[C;-1:2],"[(1, 2)]","{1: 0, 2: 0}"
102,CN>>O-[C;+0:1].[N;+1:2],[C;+0:1]-[N;+0:2]>>O-[C;+0:1].[N;+1:2],"[(1, 2)]","{1: 0, 2: 2}"
103,C=C>>C-C-O-P(=O)(-[C;+0:1])-O-C-C.O=[C;+0:2],[C;+0:1]=[C;+0:2]>>C-C-O-P(=O)(-[C;+0:1])-O-C-C.O=[C;+0:2],"[(1, 2)]","{1: 1, 2: 0}"
104,CCl>>Cl-C(-Cl)(-Cl)-[Cl;+0:1].O-[c;+0:2],[Cl;+0:1]-[c;+0:2]>>Cl-C(-Cl)(-Cl)-[Cl;+0:1].O-[c;+0:2],"[(2, 1)]","{1: 0, 2: 0}"
105,C=O>>C-O-[C;+0:1]-[O;+0:2]-C,[C;+0:1]=[O;+0:2]>>C-O-[C;+0:1]-[O;+0:2]-C,"[(1, 2)]","{2: 0, 1: 0}"
106,[c;+0:1]1:[c;+0:2]:[c;+0:3]:[n;+0:5]:[n;+0:4]:1>>O=[C;+0:1]-[C;+0:2]-[C;+0:3]=O.[N;+0:4]-[N;+0:5],[c;+0:1]1:[c;+0:2]:[c;+0:3]:[n;+0:5]:[n;+0:4]:1>>O=[C;+0:1]-[C;+0:2]-[C;+0:3]=O.[N;+0:4]-[N;+0:5],"[(3, 5), (1, 4)]","{3: 0, 2: 1, 1: 0, 4: 2, 5: 1}"
107,CN>>F-C(-F)(-F)-C(=O)-O-[C;+0:1].[N;+0:2],[C;+0:1]-[N;+0:2]>>F-C(-F)(-F)-C(=O)-O-[C;+0:1].[N;+0:2],"[(1, 2)]","{1: 0, 2: 1}"
108,CN>>C-C(-C)(-C)-O-C(=O)-O-[C;+0:1].[N;+1:2],[C;+0:1]-[N;+0:2]>>C-C(-C)(-C)-O-C(=O)-O-[C;+0:1].[N;+1:2],"[(1, 2)]","{1: 0, 2: 2}"
109,CN>>C-C(-C)-C-O-[C;+0:1].[N;+0:2],[C;+0:1]-[N;+0:2]>>C-C(-C)-C-O-[C;+0:1].[N;+0:2],"[(1, 2)]","{1: 0, 2: 1}"
110,CN>>Cl-[c;+0:1].[n;+0:2],[c;+0:1]-[n;+0:2]>>Cl-[c;+0:1].[n;+0:2],"[(1, 2)]","{1: 0, 2: 1}"
111,CC>>Cl-[c;+0:1].[C;+0:2]-[Cu],[c;+0:1]-[C;+0:2]>>Cl-[c;+0:1].[C;+0:2]-[Cu],"[(1, 2)]","{1: 0, 2: 0}"
112,O>>[O;+0:1]-C-c1:c:c:c:c:c:1,[O;+0:1]>>[O;+0:1]-C-c1:c:c:c:c:c:1,[1],{1: -1}
113,CC>>I-[c;+0:1].[C;+0:2],[c;+0:1]-[C;+0:2]>>I-[c;+0:1].[C;+0:2],"[(1, 2)]","{1: 0, 2: 1}"
114,CC>>C-C1(-C)-O-B(-[c;+0:1])-O-C-1(-C)-C.Cl-[c;+0:2],[c;+0:1]-[c;+0:2]>>C-C1(-C)-O-B(-[c;+0:1])-O-C-1(-C)-C.Cl-[c;+0:2],"[(1, 2)]","{1: 0, 2: 0}"
115,CO>>I-[C;+0:1].[O;+0:2],[C;+0:1]-[O;+0:2]>>I-[C;+0:1].[O;+0:2],"[(1, 2)]","{1: 0, 2: 1}"
116,O=S>>O=S(-[O-])-O-[O;+0:1].[S;+0:2],[O;+0:1]=[S;+0:2]>>O=S(-[O-])-O-[O;+0:1].[S;+0:2],"[(1, 2)]","{1: 1, 2: 0}"
117,CC>>C-C1(-C)-O-B(-[c;+0:1])-O-C-1(-C)-C.I-[c;+0:2],[c;+0:2]-[c;+0:1]>>C-C1(-C)-O-B(-[c;+0:1])-O-C-1(-C)-C.I-[c;+0:2],"[(1, 2)]","{1: 0, 2: 0}"
118,[c;+0:1]1:[c;+0:2]:[c;+0:3]:[n;+0:4]:[n;+0:5]:1>>O=[C;+0:1]-[C;+0:2]-[C;+0:3]=O.[N;+0:4]-[N;+0:5],[c;+0:1]1:[c;+0:2]:[c;+0:3]:[n;+0:4]:[n;+0:5]:1>>O=[C;+0:1]-[C;+0:2]-[C;+0:3]=O.[N;+0:4]-[N;+0:5],"[(1, 5), (3, 4)]","{1: 0, 2: 1, 3: 0, 4: 1, 5: 2}"
119,C[NH3+]>>Br-[C;+0:1].[N;+0:2],[C;+0:1]-[N;+1:2]>>Br-[C;+0:1].[N;+0:2],"[(1, 2)]","{1: 0, 2: 0}"
120,C>>Cl-[C;+0:1],[C;+0:1]>>Cl-[C;+0:1],[1],{1: -1}
121,CO>>Cl-[C@;+0:1].[O;+0:2],[C;+0:1]-[O;+0:2]>>Cl-[C@;+0:1].[O;+0:2],"[(1, 2)]","{1: 0, 2: 1}"
122,CC>>Br-[c;+0:1].C-C-C-C-[Sn](-[c;+0:2])(-C-C-C-C)-C-C-C-C,[c;+0:2]-[c;+0:1]>>Br-[c;+0:1].C-C-C-C-[Sn](-[c;+0:2])(-C-C-C-C)-C-C-C-C,"[(1, 2)]","{1: 0, 2: 0}"
123,CCN>>O=[C;+0:1].[C;-1:2].[N;+0:3],[C;+0:2]-[C;+0:1]-[N;+0:3]>>O=[C;+0:1].[C;-1:2].[N;+0:3],"[(1, 2), (1, 3)]","{1: 0, 2: 0, 3: 1}"
124,CN>>Cl-[C@;+0:1].[N;-1:2],[C;+0:1]-[N;+0:2]>>Cl-[C@;+0:1].[N;-1:2],"[(1, 2)]","{1: 0, 2: 0}"
125,CN>>C-C-C(=O)-O-[C;+0:1].[N;+0:2],[C;+0:1]-[N;+0:2]>>C-C-C(=O)-O-[C;+0:1].[N;+0:2],"[(1, 2)]","{1: 0, 2: 1}"
126,CCN>>O-[C;+0:1]-[C@@;+0:2].[N;+0:3],[C;+0:2]-[C;+0:1]-[N;+0:3]>>O-[C;+0:1]-[C@@;+0:2].[N;+0:3],"[(1, 3)]","{2: 0, 1: 0, 3: 1}"
127,CN>>O=[C;+0:1].[N;+1:2],[C;+0:1]-[N;+0:2]>>O=[C;+0:1].[N;+1:2],"[(1, 2)]","{1: -1, 2: 2}"
128,[CH2]:C:C:[NH]>>N-[N;+0:1].[c;+0:2].O=[C;+0:3]-[C;+0:4],[n;+0:1]:[c;+0:3]:[c;+0:4]:[c;+0:2]>>N-[N;+0:1].[c;+0:2].O=[C;+0:3]-[C;+0:4],"[(3, 1), (2, 4)]","{1: 0, 2: 1, 4: 2, 3: 0}"
129,CC>>Br-[c;+0:1].C-C1-O-B(-[c;+0:2])-O-C-1-C,[c;+0:1]-[c;+0:2]>>Br-[c;+0:1].C-C1-O-B(-[c;+0:2])-O-C-1-C,"[(1, 2)]","{1: 0, 2: 0}"
130,CN>>I-[C;+0:1].[N;+0:2],[C;+0:1]-[N;+0:2]>>I-[C;+0:1].[N;+0:2],"[(1, 2)]","{1: 0, 2: 1}"
131,CCO>>O=[C;+0:1].[O;+0:2].[c;+0:3],[O;+0:2]-[C;+0:1]-[c;+0:3]>>O=[C;+0:1].[O;+0:2].[c;+0:3],"[(1, 3), (1, 2)]","{1: 0, 3: 1, 2: 1}"
132,CO>>Br-[c;+0:1].[O;-1:2],[c;+0:1]-[O;+0:2]>>Br-[c;+0:1].[O;-1:2],"[(1, 2)]","{1: 0, 2: 0}"
133,C=N>>Cl-[C;+0:1]-Cl.[N;+0:2],[C;+0:1]=[N;+0:2]>>Cl-[C;+0:1]-Cl.[N;+0:2],"[(1, 2)]","{1: 0, 2: 2}"
134,CN>>Br-[C;+0:1].[N;-1:2],[C;+0:1]-[N;+0:2]>>Br-[C;+0:1].[N;-1:2],"[(1, 2)]","{1: 0, 2: 0}"
135,N>>C-O-c1:c:c:c(-C-[N;+0:1]):c:c:1,[N;+0:1]>>C-O-c1:c:c:c(-C-[N;+0:1]):c:c:1,[1],{1: -1}
136,CC>>C-C1(-C)-O-B(-[C;+0:1])-O-C-1(-C)-C.I-[c;+0:2],[C;+0:1]-[c;+0:2]>>C-C1(-C)-O-B(-[C;+0:1])-O-C-1(-C)-C.I-[c;+0:2],"[(1, 2)]","{1: 0, 2: 0}"
137,CC>>I-[C;+0:1].I-[C;+0:2],[C;+0:1]-[C;+0:2]>>I-[C;+0:1].I-[C;+0:2],"[(1, 2)]","{1: 0, 2: 0}"
138,CCCN>>[c;+0:1]:[c;+0:2]:[c;+0:3]:[n;+0:4],[C;+0:1]-[C;+0:2]-[C;+0:3]-[N;+0:4]>>[c;+0:1]:[c;+0:2]:[c;+0:3]:[n;+0:4],"[(2, 3)]","{3: -1, 2: -1, 1: -1, 4: -1}"
139,CC>>C-O-N(-C)-[C;+0:1].I-[c;+0:2],[C;+0:1]-[c;+0:2]>>C-O-N(-C)-[C;+0:1].I-[c;+0:2],"[(1, 2)]","{1: 0, 2: 0}"
140,CN>>F-C(-F)(-F)-S(=O)(=O)-O-[c;+0:1].[N;+0:2],[N;+0:2]-[c;+0:1]>>F-C(-F)(-F)-S(=O)(=O)-O-[c;+0:1].[N;+0:2],"[(1, 2)]","{1: 0, 2: 1}"
141,BC>>Br-[c;+0:1].C-C1(-C)-O-B(-[B;+0:2])-O-C-1(-C)-C,[B;+0:2]-[c;+0:1]>>Br-[c;+0:1].C-C1(-C)-O-B(-[B;+0:2])-O-C-1(-C)-C,"[(2, 1)]","{1: 0, 2: 0}"
142,CC>>I-[c;+0:1].[C;+0:2]-[Zn+],[c;+0:1]-[C;+0:2]>>I-[c;+0:1].[C;+0:2]-[Zn+],"[(1, 2)]","{1: 0, 2: 0}"
143,CC>>F-C(-F)(-F)-S(=O)(=O)-O-[c;+0:1].O-B(-O)-[c;+0:2],[c;+0:1]-[c;+0:2]>>F-C(-F)(-F)-S(=O)(=O)-O-[c;+0:1].O-B(-O)-[c;+0:2],"[(1, 2)]","{1: 0, 2: 0}"
144,CC>>Cl-[C;+0:1].[c;+0:2],[C;+0:1]-[c;+0:2]>>Cl-[C;+0:1].[c;+0:2],"[(1, 2)]","{1: 0, 2: 1}"
145,CS>>Br-[C;+0:1].[S;-1:2],[C;+0:1]-[S;+0:2]>>Br-[C;+0:1].[S;-1:2],"[(1, 2)]","{1: 0, 2: 0}"
146,CC>>C-O-N(-C)-[C;+0:1].[Mg+]-[c;+0:2],[C;+0:1]-[c;+0:2]>>C-O-N(-C)-[C;+0:1].[Mg+]-[c;+0:2],"[(1, 2)]","{1: 0, 2: 0}"
147,CBr>>Br-C(-Br)(-Br)-[Br;+0:1].O-[C;+0:2],[Br;+0:1]-[C;+0:2]>>Br-C(-Br)(-Br)-[Br;+0:1].O-[C;+0:2],"[(2, 1)]","{1: 0, 2: 0}"
148,CCO>>Cl-[C;+0:1].[C;+0:2]=[O;+0:3],[C;+0:1]-[C;+0:2]-[O;+0:3]>>Cl-[C;+0:1].[C;+0:2]=[O;+0:3],"[(1, 2)]","{1: 0, 2: 0, 3: -1}"
149,CC>>Cl-[c;+0:1].Cl-[c;+0:2],[c;+0:1]-[c;+0:2]>>Cl-[c;+0:1].Cl-[c;+0:2],"[(1, 2)]","{2: 0, 1: 0}"
150,CO>>Cl-[c;+0:1].[O;-1:2],[c;+0:1]-[O;+0:2]>>Cl-[c;+0:1].[O;-1:2],"[(1, 2)]","{2: 0, 1: 0}"
151,CN>>C-C(-C)(-C)-O-C(=O)-O-[C;+0:1].[n;+0:2],[C;+0:1]-[n;+0:2]>>C-C(-C)(-C)-O-C(=O)-O-[C;+0:1].[n;+0:2],"[(1, 2)]","{1: 0, 2: 1}"
152,CC>>C-N(-C)-[C;+0:1].[c;+0:2],[C;+0:1]-[c;+0:2]>>C-N(-C)-[C;+0:1].[c;+0:2],"[(1, 2)]","{1: 0, 2: 1}"
153,CC>>Br-[c;+0:1].C-C1(-C)-O-B(-[C;+0:2])-O-C-1(-C)-C,[C;+0:2]-[c;+0:1]>>Br-[c;+0:1].C-C1(-C)-O-B(-[C;+0:2])-O-C-1(-C)-C,"[(1, 2)]","{1: 0, 2: 0}"
154,CCO>>[C;+0:1]-[Mg+].[C;+0:2]=[O;+0:3],[C;+0:1]-[C;+0:2]-[O;+0:3]>>[C;+0:1]-[Mg+].[C;+0:2]=[O;+0:3],"[(1, 2)]","{2: 0, 3: -1, 1: 0}"
155,CO>>C-S(=O)(=O)-O-[C;+0:1].[O;+0:2],[C;+0:1]-[O;+0:2]>>C-S(=O)(=O)-O-[C;+0:1].[O;+0:2],"[(1, 2)]","{1: 0, 2: 1}"
156,C#N>>O=[C;+0:1]-[N;+0:2],[C;+0:1]#[N;+0:2]>>O=[C;+0:1]-[N;+0:2],"[(1, 2)]","{1: 0, 2: 2}"
157,CC>>Cl-[c;+0:1].[Zn+]-[c;+0:2],[c;+0:1]-[c;+0:2]>>Cl-[c;+0:1].[Zn+]-[c;+0:2],"[(1, 2)]","{1: 0, 2: 0}"
158,O>>Cl-C-C(=O)-[O;+0:1],[O;+0:1]>>Cl-C-C(=O)-[O;+0:1],[1],{1: -1}
159,C[NH3+]>>I-[C;+0:1].[N;+0:2],[C;+0:1]-[N;+1:2]>>I-[C;+0:1].[N;+0:2],"[(1, 2)]","{1: 0, 2: 0}"
160,CN>>I-[C;+0:1].[n;+0:2],[C;+0:1]-[n;+0:2]>>I-[C;+0:1].[n;+0:2],"[(1, 2)]","{1: 0, 2: 1}"
161,O=S>>O=C-O-[O;+0:1].[S;+0:2],[O;+0:1]=[S;+0:2]>>O=C-O-[O;+0:1].[S;+0:2],"[(1, 2)]","{1: 1, 2: 0}"
162,O>>[O;+0:1]-C1-C-C-C-C-O-1,[O;+0:1]>>[O;+0:1]-C1-C-C-C-C-O-1,[1],{1: -1}
163,N>>[N-]=[N+]=[N;+0:1],[N;+0:1]>>[N-]=[N+]=[N;+0:1],[1],{1: -2}
164,C[NH3+]>>Cl-[C;+0:1].[N;+0:2],[C;+0:1]-[N;+1:2]>>Cl-[C;+0:1].[N;+0:2],"[(1, 2)]","{2: 0, 1: 0}"
165,NCO>>[C;+0:1]=[N;+0:2].[O;+0:3],[N;+0:2]-[C;+0:1]-[O;+0:3]>>[C;+0:1]=[N;+0:2].[O;+0:3],"[(1, 3)]","{3: 1, 1: 0, 2: -1}"
166,O>>C-C(-C)-C(=O)-[O;+0:1],[O;+0:1]>>C-C(-C)-C(=O)-[O;+0:1],[1],{1: -1}
167,CO>>O-B(-O)-[c;+0:1].[O;+0:2],[O;+0:2]-[c;+0:1]>>O-B(-O)-[c;+0:1].[O;+0:2],"[(1, 2)]","{1: 0, 2: 1}"
168,CNC>>Br-[c;+0:1].[C@@;+0:2]-[N;+0:3],[c;+0:1]-[N;+0:3]-[C;+0:2]>>Br-[c;+0:1].[C@@;+0:2]-[N;+0:3],"[(1, 3)]","{1: 0, 3: 1, 2: 0}"
169,CC>>Cl-[C;+0:1].[C;+0:2]-[Mg+],[C;+0:1]-[C;+0:2]>>Cl-[C;+0:1].[C;+0:2]-[Mg+],"[(1, 2)]","{1: 0, 2: 0}"
170,[c;+0:1]1:[c;+0:2]:[n;+0:5]:[n;+0:4]:[n;+0:3]:1>>[C;+0:1]#[C;+0:2].[N;+0:3]=[N;+1:4]=[N;-1:5],[c;+0:1]1:[c;+0:2]:[n;+0:5]:[n;+0:4]:[n;+0:3]:1>>[C;+0:1]#[C;+0:2].[N;+0:3]=[N;+1:4]=[N;-1:5],"[(1, 3), (2, 5)]","{3: 0, 4: 0, 5: 0, 2: 0, 1: 0}"
171,CC>>Br-[c;+0:1].[C;+0:2]-[Zn+],[c;+0:1]-[C;+0:2]>>Br-[c;+0:1].[C;+0:2]-[Zn+],"[(1, 2)]","{1: 0, 2: 0}"
172,CCC>>[C;+0:1]=[C;+0:2]-[C;+0:3],[C;+0:1]-[C;+0:2]-[C;+0:3]>>[C;+0:1]=[C;+0:2]-[C;+0:3],"[(1, 2)]","{3: 0, 2: -1, 1: -1}"
173,CC>>I-[c;+0:1].[C;+0:2]-[Cu],[c;+0:1]-[C;+0:2]>>I-[c;+0:1].[C;+0:2]-[Cu],"[(1, 2)]","{1: 0, 2: 0}"
174,CNC>>Cl-[C;+0:1].Cl-[C;+0:2].[N;+0:3],[C;+0:1]-[N;+0:3]-[C;+0:2]>>Cl-[C;+0:1].Cl-[C;+0:2].[N;+0:3],"[(1, 3), (2, 3)]","{1: 0, 2: 0, 3: 2}"
175,[CH2]:C:C:C:[NH]>>C-O-[C;+0:1]-[C;+0:2]-[C;+0:3]=O.[N;+0:4].[c;+0:5],[n;+0:4]:[c;+0:3]:[c;+0:2]:[c;+0:1]:[c;+0:5]>>C-O-[C;+0:1]-[C;+0:2]-[C;+0:3]=O.[N;+0:4].[c;+0:5],"[(1, 5), (3, 4)]","{1: 0, 2: 1, 3: 0, 4: 1, 5: 1}"
176,C1CO1>>C-[S+](-C)(=O)-[C;+0:1].[C;+0:2]=[O;+0:3],[C;+0:1]1-[C;+0:2]-[O;+0:3]-1>>C-[S+](-C)(=O)-[C;+0:1].[C;+0:2]=[O;+0:3],"[(1, 3), (1, 2)]","{1: 1, 3: 0, 2: 0}"
177,[CH2]:C:C:[NH]>>Br-[c;+0:1].[N;+0:2].[C;+0:3]#[C;+0:4],[c;+0:1]:[c;+0:3]:[c;+0:4]:[n;+0:2]>>Br-[c;+0:1].[N;+0:2].[C;+0:3]#[C;+0:4],"[(1, 3), (4, 2)]","{1: 0, 2: 1, 4: 0, 3: 0}"
178,CCO>>I-[C;+0:1].[C;+0:2]=[O;+0:3],[C;+0:1]-[C;+0:2]-[O;+0:3]>>I-[C;+0:1].[C;+0:2]=[O;+0:3],"[(1, 2)]","{1: 0, 2: 0, 3: -1}"
179,CN>>I-[c;+0:1].[N;+0:2],[c;+0:1]-[N;+0:2]>>I-[c;+0:1].[N;+0:2],"[(1, 2)]","{1: 0, 2: 1}"
180,NS>>O-[S;+0:1].[N;+0:2],[S;+0:1]-[N;+0:2]>>O-[S;+0:1].[N;+0:2],"[(2, 1)]","{1: 0, 2: 1}"
181,CN>>[C;+0:1]-[O-].[N;+0:2],[C;+0:1]-[N;+0:2]>>[C;+0:1]-[O-].[N;+0:2],"[(1, 2)]","{2: 1, 1: 0}"
182,[c;+0:1]1:[c;+0:2]:[c;+0:3]:[c;+0:4]:[n;+0:5]:1>>O=[C;+0:1]-[C;+0:2]-[C;+0:3]-[C;+0:4]=O.[N;+0:5],[c;+0:1]1:[c;+0:2]:[c;+0:3]:[c;+0:4]:[n;+0:5]:1>>O=[C;+0:1]-[C;+0:2]-[C;+0:3]-[C;+0:4]=O.[N;+0:5],"[(1, 5), (4, 5)]","{1: 0, 2: 1, 3: 1, 4: 0, 5: 2}"
183,C=C>>C=[C;+0:1].C=[C;+0:2],[C;+0:1]=[C;+0:2]>>C=[C;+0:1].C=[C;+0:2],"[(1, 2)]","{1: 0, 2: 0}"
184,CN>>Br-[c;+0:1].[N;-1:2],[c;+0:1]-[N;+0:2]>>Br-[c;+0:1].[N;-1:2],"[(1, 2)]","{1: 0, 2: 0}"
185,O>>C-C-C-C-C-C-C-C-C-C-C-C-C-C-C-C(=O)-[O;+0:1],[O;+0:1]>>C-C-C-C-C-C-C-C-C-C-C-C-C-C-C-C(=O)-[O;+0:1],[1],{1: -1}
186,NS>>Cl-[S;+0:1].[n;+0:2],[S;+0:1]-[n;+0:2]>>Cl-[S;+0:1].[n;+0:2],"[(2, 1)]","{1: 0, 2: 1}"
187,CCC>>[C;+0:1]=[C;+0:2].[c;+0:3],[C;+0:1]-[C;+0:2]-[c;+0:3]>>[C;+0:1]=[C;+0:2].[c;+0:3],"[(2, 3)]","{3: 1, 1: -1, 2: 0}"
188,[NH3+][O-]>>Cl-c1:c:c:c:c(-C(=O)-O-[O;+0:1]):c:1.[n;+0:2],[O;-1:1]-[n;+1:2]>>Cl-c1:c:c:c:c(-C(=O)-O-[O;+0:1]):c:1.[n;+0:2],"[(2, 1)]","{1: 1, 2: 0}"
189,CO>>[C;+0:1]=[N+]=[N-].[O;+0:2],[C;+0:1]-[O;+0:2]>>[C;+0:1]=[N+]=[N-].[O;+0:2],"[(1, 2)]","{2: 1, 1: -1}"
190,CN>>C-C-O-C(=O)-O-[C;+0:1].[N;+0:2],[C;+0:1]-[N;+0:2]>>C-C-O-C(=O)-O-[C;+0:1].[N;+0:2],"[(1, 2)]","{1: 0, 2: 1}"
191,CBr>>Br-C(-Br)-[Br;+0:1].N-[c;+0:2],[Br;+0:1]-[c;+0:2]>>Br-C(-Br)-[Br;+0:1].N-[c;+0:2],"[(2, 1)]","{1: 0, 2: 0}"
192,CCNC>>O-[C;+0:1]-[C@;+0:2].[C@;+0:3]-[N;+0:4],[C;+0:2]-[C;+0:1]-[N;+0:4]-[C;+0:3]>>O-[C;+0:1]-[C@;+0:2].[C@;+0:3]-[N;+0:4],"[(1, 4)]","{1: 0, 2: 0, 4: 1, 3: 0}"
193,CO>>Cl-[C;+0:1].[O;-1:2],[C;+0:1]-[O;+0:2]>>Cl-[C;+0:1].[O;-1:2],"[(1, 2)]","{1: 0, 2: 0}"
194,CS>>I-[c;+0:1].[S;+0:2],[c;+0:1]-[S;+0:2]>>I-[c;+0:1].[S;+0:2],"[(1, 2)]","{1: 0, 2: 1}"
195,CN>>Cl-C(-Cl)(-Cl)-C-O-[C;+0:1].[N;+0:2],[C;+0:1]-[N;+0:2]>>Cl-C(-Cl)(-Cl)-C-O-[C;+0:1].[N;+0:2],"[(1, 2)]","{1: 0, 2: 1}"
196,CC>>[C;+0:1]#[C;+0:2],[C;+0:1]-[C;+0:2]>>[C;+0:1]#[C;+0:2],"[(1, 2)]","{1: -2, 2: -2}"
197,N>>F-C(-F)(-F)-C(=O)-[N;+0:1],[N;+0:1]>>F-C(-F)(-F)-C(=O)-[N;+0:1],[1],{1: -1}
198,CC>>Br-[c;+0:1].C-C-[Sn](-[C;+0:2])(-C-C)-C-C,[C;+0:2]-[c;+0:1]>>Br-[c;+0:1].C-C-[Sn](-[C;+0:2])(-C-C)-C-C,"[(1, 2)]","{1: 0, 2: 0}"
199,CNC>>[C;+0:1]-O-[C;+0:2].[N;+0:3],[C;+0:1]-[N;+0:3]-[C;+0:2]>>[C;+0:1]-O-[C;+0:2].[N;+0:3],"[(1, 3), (2, 3)]","{1: 0, 2: 0, 3: 2}"
200,CC>>Cl-[c;+0:1].[C;+0:2],[c;+0:1]-[C;+0:2]>>Cl-[c;+0:1].[C;+0:2],"[(1, 2)]","{1: 0, 2: 1}"
201,CC>>C-C-C-C-[Sn](-[c;+0:1])(-C-C-C-C)-C-C-C-C.I-[c;+0:2],[c;+0:1]-[c;+0:2]>>C-C-C-C-[Sn](-[c;+0:1])(-C-C-C-C)-C-C-C-C.I-[c;+0:2],"[(1, 2)]","{1: 0, 2: 0}"
202,CNC>>Cl-[C;+0:1].[C;+0:2]-[N;+0:3],[C;+0:1]-[N;+0:3]-[C;+0:2]>>Cl-[C;+0:1].[C;+0:2]-[N;+0:3],"[(1, 3)]","{1: 0, 3: 1, 2: 0}"
203,SCS>>O=[C;+0:1].[S;+0:2].[S;+0:3],[S;+0:2]-[C;+0:1]-[S;+0:3]>>O=[C;+0:1].[S;+0:2].[S;+0:3],"[(1, 2), (1, 3)]","{1: 0, 2: 1, 3: 1}"
204,CC>>Br-[c;+0:1].O-B(-O)-[C;+0:2],[C;+0:2]-[c;+0:1]>>Br-[c;+0:1].O-B(-O)-[C;+0:2],"[(1, 2)]","{1: 0, 2: 0}"
205,CC>>Br-[c;+0:1].I-[c;+0:2],[c;+0:1]-[c;+0:2]>>Br-[c;+0:1].I-[c;+0:2],"[(1, 2)]","{1: 0, 2: 0}"
206,CS>>F-[c;+0:1].[S;-1:2],[c;+0:1]-[S;+0:2]>>F-[c;+0:1].[S;-1:2],"[(1, 2)]","{1: 0, 2: 0}"
207,CN>>I-[c;+0:1].[n;+0:2],[c;+0:1]-[n;+0:2]>>I-[c;+0:1].[n;+0:2],"[(1, 2)]","{1: 0, 2: 1}"
208,I>>C-N-[C@@H]1-C-C-[C@@H](-c2:c:c:c(-Cl):c(-Cl):c:2)-c2:c:c:c(-[I;+0:1]):c:c:2-1,[I;+0:1]>>C-N-[C@@H]1-C-C-[C@@H](-c2:c:c:c(-Cl):c(-Cl):c:2)-c2:c:c:c(-[I;+0:1]):c:c:2-1,[1],{1: -1}
209,C=C>>O=[C;+0:1].O=[C;+0:2],[C;+0:1]=[C;+0:2]>>O=[C;+0:1].O=[C;+0:2],"[(1, 2)]","{2: 0, 1: 0}"
210,CN>>O-[C@@;+0:1].[N;+0:2],[C;+0:1]-[N;+0:2]>>O-[C@@;+0:1].[N;+0:2],"[(1, 2)]","{1: 0, 2: 1}"
211,C1CO1>>C-[S+](-C)-[C;+0:1].[C;+0:2]=[O;+0:3],[C;+0:1]1-[C;+0:2]-[O;+0:3]-1>>C-[S+](-C)-[C;+0:1].[C;+0:2]=[O;+0:3],"[(1, 2), (1, 3)]","{1: 1, 2: 0, 3: 0}"
212,CC>>Br-[C;+0:1].O-B(-O)-[c;+0:2],[C;+0:1]-[c;+0:2]>>Br-[C;+0:1].O-B(-O)-[c;+0:2],"[(1, 2)]","{1: 0, 2: 0}"
213,CN>>C-C(-C)(-C)-O-C(=O)-[N;+0:1]-[C;+0:2],[C;+0:2]-[N;+0:1]>>C-C(-C)(-C)-O-C(=O)-[N;+0:1]-[C;+0:2],[1],"{1: -1, 2: 0}"
214,C=O>>C1-C-[O;+0:1]-[C;+0:2]-O-1,[O;+0:1]=[C;+0:2]>>C1-C-[O;+0:1]-[C;+0:2]-O-1,"[(2, 1)]","{2: 0, 1: 0}"
215,O>>C-C-C-C(=O)-[O;+0:1],[O;+0:1]>>C-C-C-C(=O)-[O;+0:1],[1],{1: -1}
216,O>>C-C(-C)-[Si](-[O;+0:1])(-C(-C)-C)-C(-C)-C,[O;+0:1]>>C-C(-C)-[Si](-[O;+0:1])(-C(-C)-C)-C(-C)-C,[1],{1: -1}
217,CS>>Cl-[C;+0:1].[S;-1:2],[C;+0:1]-[S;+0:2]>>Cl-[C;+0:1].[S;-1:2],"[(1, 2)]","{1: 0, 2: 0}"
218,C=C>>[C;+0:1]#[C;+0:2],[C;+0:1]=[C;+0:2]>>[C;+0:1]#[C;+0:2],"[(1, 2)]","{1: -1, 2: -1}"
219,CP=O>>C-C-[O;+0:1]-[P;+0:2].Cl-[C;+0:3],[O;+0:1]=[P;+0:2]-[C;+0:3]>>C-C-[O;+0:1]-[P;+0:2].Cl-[C;+0:3],"[(3, 2)]","{1: 0, 2: 0, 3: 0}"
220,[CH2]:N:C:[NH]>>O=[C;+0:1].[N;+0:2]=[C;+0:3]\[N;+0:4],[c;+0:1]:[n;+0:4]:[c;+0:3]:[n;+0:2]>>O=[C;+0:1].[N;+0:2]=[C;+0:3]\[N;+0:4],"[(1, 4)]","{1: 0, 2: 0, 3: 0, 4: 2}"
221,O>>C-O-C-[O;+0:1],[O;+0:1]>>C-O-C-[O;+0:1],[1],{1: -1}
222,[CH2]:N:N:[CH2]>>F-[c;+0:1].O=[C;+0:2].[N;+0:3]-[N;+0:4],[c;+0:1]:[n;+0:3]:[n;+0:4]:[c;+0:2]>>F-[c;+0:1].O=[C;+0:2].[N;+0:3]-[N;+0:4],"[(2, 4), (1, 3)]","{2: 0, 1: 0, 3: 1, 4: 2}"
223,CC>>Br-[c;+0:1].C-[Sn](-C)(-C)-[c;+0:2],[c;+0:1]-[c;+0:2]>>Br-[c;+0:1].C-[Sn](-C)(-C)-[c;+0:2],"[(1, 2)]","{1: 0, 2: 0}"
224,COCO>>O-[C;+0:1].[O;+0:2].[C;+0:3]=[O;+0:4],[C;+0:1]-[O;+0:4]-[C;+0:3]-[O;+0:2]>>O-[C;+0:1].[O;+0:2].[C;+0:3]=[O;+0:4],"[(1, 4), (3, 2)]","{1: 0, 2: 1, 3: 0, 4: 0}"
225,CC>>Br-[c;+0:1].[C;-1:2],[c;+0:1]-[C;+0:2]>>Br-[c;+0:1].[C;-1:2],"[(1, 2)]","{1: 0, 2: 0}"
226,N>>O=C(-[N;+0:1])-c1:c:c:c:c:c:1,[N;+0:1]>>O=C(-[N;+0:1])-c1:c:c:c:c:c:1,[1],{1: -1}
227,CCC=N>>[c;+0:1]:[c;+0:2]:[c;+0:3]:[n;+0:4],[C;+0:1]-[C;+0:2]-[C;+0:3]=[N;+0:4]>>[c;+0:1]:[c;+0:2]:[c;+0:3]:[n;+0:4],"[(3, 4)]","{3: 0, 4: 0, 1: -1, 2: -1}"
228,CC>>I-[c;+0:1].I-[c;+0:2],[c;+0:1]-[c;+0:2]>>I-[c;+0:1].I-[c;+0:2],"[(1, 2)]","{2: 0, 1: 0}"
229,CN>>O-[c;+0:1].[N;+0:2],[c;+0:1]-[N;+0:2]>>O-[c;+0:1].[N;+0:2],"[(1, 2)]","{1: 0, 2: 1}"
230,N>>C-C(-C)(-C)-O-C(=O)-[n;+0:1],[n;+0:1]>>C-C(-C)(-C)-O-C(=O)-[n;+0:1],[1],{1: -1}
231,CC>>Br-[c;+0:1].[C;+0:2]-[Cu],[c;+0:1]-[C;+0:2]>>Br-[c;+0:1].[C;+0:2]-[Cu],"[(1, 2)]","{1: 0, 2: 0}"
232,C>>C-C-O-C(=O)-[C;+0:1],[C;+0:1]>>C-C-O-C(=O)-[C;+0:1],[1],{1: -1}
233,CC>>C-S(=O)(=O)-O-[C;+0:1].[C;-1:2],[C;+0:1]-[C;+0:2]>>C-S(=O)(=O)-O-[C;+0:1].[C;-1:2],"[(1, 2)]","{1: 0, 2: 0}"
234,CN>>Cl-[c;+0:1].[N;+1:2],[c;+0:1]-[N;+0:2]>>Cl-[c;+0:1].[N;+1:2],"[(1, 2)]","{1: 0, 2: 2}"
235,CC>>Cl-[c;+0:1].O-B(-O)-[C;+0:2],[C;+0:2]-[c;+0:1]>>Cl-[c;+0:1].O-B(-O)-[C;+0:2],"[(1, 2)]","{1: 0, 2: 0}"
236,CN>>O-[C@;+0:1].[N;+0:2],[C;+0:1]-[N;+0:2]>>O-[C@;+0:1].[N;+0:2],"[(1, 2)]","{1: 0, 2: 1}"
237,CC>>C-C1(-C)-O-B(-[C;+0:1])-O-C-1(-C)-C.Cl-[c;+0:2],[C;+0:1]-[c;+0:2]>>C-C1(-C)-O-B(-[C;+0:1])-O-C-1(-C)-C.Cl-[c;+0:2],"[(1, 2)]","{1: 0, 2: 0}"
238,C#C>>Br-[C;+0:1](-Br)=[C;+0:2],[C;+0:1]#[C;+0:2]>>Br-[C;+0:1](-Br)=[C;+0:2],"[(1, 2)]","{1: -1, 2: 1}"
239,CN>>O-B(-O)-[c;+0:1].[N;+0:2],[N;+0:2]-[c;+0:1]>>O-B(-O)-[c;+0:1].[N;+0:2],"[(1, 2)]","{1: 0, 2: 1}"
240,O>>C-[Si](-C)(-C)-[O;+0:1],[O;+0:1]>>C-[Si](-C)(-C)-[O;+0:1],[1],{1: -1}
241,CC>>I-[C;+0:1].I-[c;+0:2],[C;+0:1]-[c;+0:2]>>I-[C;+0:1].I-[c;+0:2],"[(1, 2)]","{1: 0, 2: 0}"
242,CN>>Cl-[C;+0:1].[N;+1:2],[C;+0:1]-[N;+0:2]>>Cl-[C;+0:1].[N;+1:2],"[(1, 2)]","{1: 0, 2: 2}"
243,C[N]:C:[NH]>>O-[C;+0:1]=O.[C@;+0:2]-[N;+0:3].[N;+0:4],[C;+0:2]-[n;+0:3]:[c;+0:1]:[n;+0:4]>>O-[C;+0:1]=O.[C@;+0:2]-[N;+0:3].[N;+0:4],"[(1, 3), (1, 4)]","{1: 0, 3: 1, 2: 0, 4: 2}"
244,N>>[n;+0:1]-C-c1:c:c:c:c:c:1,[n;+0:1]>>[n;+0:1]-C-c1:c:c:c:c:c:1,[1],{1: -1}
245,c1cnoc1>>[C;+0:1]#[C;+0:2].[C;+0:3]=[N;+0:4]-[O;+0:5],[c;+0:1]1:[c;+0:2]:[o;+0:5]:[n;+0:4]:[c;+0:3]:1>>[C;+0:1]#[C;+0:2].[C;+0:3]=[N;+0:4]-[O;+0:5],"[(1, 3), (2, 5)]","{3: 1, 4: 0, 5: 1, 2: 0, 1: 0}"
246,C1CNCCN1>>[c;+0:1]1:[c;+0:2]:[n;+0:3]:[c;+0:4]:[c;+0:5]:[n;+0:6]:1,[C;+0:1]1-[C;+0:2]-[N;+0:3]-[C;+0:4]-[C;+0:5]-[N;+0:6]-1>>[c;+0:1]1:[c;+0:2]:[n;+0:3]:[c;+0:4]:[c;+0:5]:[n;+0:6]:1,"[(4, 5)]","{4: -1, 5: -1, 6: -1, 1: -1, 2: -1, 3: -1}"
247,COC>>I-[C;+0:1].[C@@;+0:2]-[O;+0:3],[C;+0:1]-[O;+0:3]-[C;+0:2]>>I-[C;+0:1].[C@@;+0:2]-[O;+0:3],"[(1, 3)]","{1: 0, 3: 1, 2: 0}"
248,CO>>I-[c;+0:1].[O;+0:2],[c;+0:1]-[O;+0:2]>>I-[c;+0:1].[O;+0:2],"[(1, 2)]","{1: 0, 2: 1}"
249,C=O>>[C@@;+0:1]-[O;+0:2],[C;+0:1]=[O;+0:2]>>[C@@;+0:1]-[O;+0:2],"[(1, 2)]","{2: 1, 1: 1}"
250,CC>>C-O-N(-C)-[C;+0:1].[C;+0:2]-[Mg+],[C;+0:1]-[C;+0:2]>>C-O-N(-C)-[C;+0:1].[C;+0:2]-[Mg+],"[(1, 2)]","{1: 0, 2: 0}"
251,CNC>>Br-[C;+0:1].Br-[C;+0:2].[N;+0:3],[C;+0:1]-[N;+0:3]-[C;+0:2]>>Br-[C;+0:1].Br-[C;+0:2].[N;+0:3],"[(1, 3), (2, 3)]","{1: 0, 2: 0, 3: 2}"
252,CC>>C-C-C-C-[Sn](-[C;+0:1])(-C-C-C-C)-C-C-C-C.I-[c;+0:2],[C;+0:1]-[c;+0:2]>>C-C-C-C-[Sn](-[C;+0:1])(-C-C-C-C)-C-C-C-C.I-[c;+0:2],"[(1, 2)]","{1: 0, 2: 0}"
253,CC>>C-[Sn](-C)(-C)-[c;+0:1].Cl-[c;+0:2],[c;+0:1]-[c;+0:2]>>C-[Sn](-C)(-C)-[c;+0:1].Cl-[c;+0:2],"[(1, 2)]","{1: 0, 2: 0}"
254,C1CCNCC1>>[c;+0:1]1:[c;+0:2]:[c;+0:3]:[c;+0:4]:[c;+0:5]:[n;+0:6]:1,[C;+0:1]1-[C;+0:2]-[C;+0:3]-[C;+0:4]-[C;+0:5]-[N;+0:6]-1>>[c;+0:1]1:[c;+0:2]:[c;+0:3]:[c;+0:4]:[c;+0:5]:[n;+0:6]:1,"[(2, 3)]","{2: -1, 3: -1, 4: -1, 5: -1, 6: -1, 1: -1}"
255,CCN>>O=[C;+0:1].[C;+0:2].[N;+0:3],[C;+0:2]-[C;+0:1]-[N;+0:3]>>O=[C;+0:1].[C;+0:2].[N;+0:3],"[(1, 3), (1, 2)]","{1: 0, 3: 1, 2: 1}"
256,CC>>C-C-C-C-[Sn](-[c;+0:1])(-C-C-C-C)-C-C-C-C.F-C(-F)(-F)-S(=O)(=O)-O-[c;+0:2],[c;+0:1]-[c;+0:2]>>C-C-C-C-[Sn](-[c;+0:1])(-C-C-C-C)-C-C-C-C.F-C(-F)(-F)-S(=O)(=O)-O-[c;+0:2],"[(1, 2)]","{1: 0, 2: 0}"
257,CN>>F-[c;+0:1].[n;+0:2],[c;+0:1]-[n;+0:2]>>F-[c;+0:1].[n;+0:2],"[(1, 2)]","{1: 0, 2: 1}"
258,CC>>F-C(-F)(-F)-S(=O)(=O)-O-[c;+0:1].[C;+0:2],[C;+0:2]-[c;+0:1]>>F-C(-F)(-F)-S(=O)(=O)-O-[c;+0:1].[C;+0:2],"[(1, 2)]","{1: 0, 2: 1}"
259,NCN>>[C;+0:1]=[N;+0:2].[n;+0:3],[N;+0:2]-[C;+0:1]-[n;+0:3]>>[C;+0:1]=[N;+0:2].[n;+0:3],"[(1, 3)]","{2: -1, 1: 0, 3: 1}"
260,CC>>Br-[C;+0:1].I-[c;+0:2],[C;+0:1]-[c;+0:2]>>Br-[C;+0:1].I-[c;+0:2],"[(1, 2)]","{1: 0, 2: 0}"
261,O=S>>O-[O;+0:1].[S;+0:2],[O;+0:1]=[S;+0:2]>>O-[O;+0:1].[S;+0:2],"[(1, 2)]","{1: 1, 2: 0}"
262,C1CCNCC1>>[c;+0:1]1:[c;+0:2]:[c;+0:3]:[n;+0:4]:[c;+0:5]:[c;+0:6]:1,[C;+0:1]1-[C;+0:2]-[C;+0:3]-[N;+0:4]-[C;+0:5]-[C;+0:6]-1>>[c;+0:1]1:[c;+0:2]:[c;+0:3]:[n;+0:4]:[c;+0:5]:[c;+0:6]:1,"[(1, 2)]","{1: -1, 2: -1, 3: -1, 4: -1, 5: -1, 6: -1}"
263,CN>>O=C(-[C;+0:1])-[N;+0:2],[C;+0:1]-[N;+0:2]>>O=C(-[C;+0:1])-[N;+0:2],"[(1, 2)]","{1: 0, 2: 0}"
264,COC>>F-[c;+0:1].[C@;+0:2]-[O;+0:3],[c;+0:1]-[O;+0:3]-[C;+0:2]>>F-[c;+0:1].[C@;+0:2]-[O;+0:3],"[(1, 3)]","{1: 0, 3: 1, 2: 0}"
265,CC>>Br-[c;+0:1].C-O-N(-C)-[C;+0:2],[C;+0:2]-[c;+0:1]>>Br-[c;+0:1].C-O-N(-C)-[C;+0:2],"[(1, 2)]","{1: 0, 2: 0}"
266,[NH]:C:[NH]>>O=[C;+0:1].[N;+0:2].[N;+0:3],[n;+0:2]:[c;+0:1]:[n;+0:3]>>O=[C;+0:1].[N;+0:2].[N;+0:3],"[(1, 2), (1, 3)]","{1: 1, 2: 2, 3: 1}"
267,CC>>C-[Sn](-C)(-C)-[c;+0:1].I-[c;+0:2],[c;+0:1]-[c;+0:2]>>C-[Sn](-C)(-C)-[c;+0:1].I-[c;+0:2],"[(1, 2)]","{1: 0, 2: 0}"
268,CC>>Br-[c;+0:1].[Mg+]-[c;+0:2],[c;+0:1]-[c;+0:2]>>Br-[c;+0:1].[Mg+]-[c;+0:2],"[(1, 2)]","{1: 0, 2: 0}"
269,CP=O>>C-C-[O;+0:1]-[P;+0:2].I-[C;+0:3],[O;+0:1]=[P;+0:2]-[C;+0:3]>>C-C-[O;+0:1]-[P;+0:2].I-[C;+0:3],"[(3, 2)]","{1: 0, 2: 0, 3: 0}"
270,c1cnoc1>>[C;+0:1]#[C;+0:2].[C;+0:3]=[N;+0:4]/[O;+0:5],[c;+0:1]1:[c;+0:2]:[o;+0:5]:[n;+0:4]:[c;+0:3]:1>>[C;+0:1]#[C;+0:2].[C;+0:3]=[N;+0:4]/[O;+0:5],"[(1, 3), (2, 5)]","{1: 0, 2: 0, 5: 1, 4: 0, 3: 1}"
271,C>>C-C(-C)(-C)-O-C(=O)-[C;+0:1],[C;+0:1]>>C-C(-C)(-C)-O-C(=O)-[C;+0:1],[1],{1: -1}
272,[c;+0:1]1:[c;+0:2]:[c;+0:3]:[c;+0:4]:[n;+0:5]:1>>O=[C;+0:1]-[C;+0:2]-[C;+0:3]-[C;+0:4]=O.[N;+1:5],[c;+0:1]1:[c;+0:2]:[c;+0:3]:[c;+0:4]:[n;+0:5]:1>>O=[C;+0:1]-[C;+0:2]-[C;+0:3]-[C;+0:4]=O.[N;+1:5],"[(1, 5), (4, 5)]","{1: 0, 2: 1, 3: 1, 4: 0, 5: 3}"
273,O>>C-O-c1:c:c:c(-C-[O;+0:1]):c:c:1,[O;+0:1]>>C-O-c1:c:c:c(-C-[O;+0:1]):c:c:1,[1],{1: -1}
274,NCN>>C-[Si](-C)(-C)-[N;+0:1]=[C;+0:2].[N;+0:3],[N;+0:3]-[C;+0:2]-[N;+0:1]>>C-[Si](-C)(-C)-[N;+0:1]=[C;+0:2].[N;+0:3],"[(2, 3)]","{1: -2, 2: 0, 3: 1}"
275,CN>>F-[c;+0:1].[N;-1:2],[c;+0:1]-[N;+0:2]>>F-[c;+0:1].[N;-1:2],"[(1, 2)]","{1: 0, 2: 0}"
276,C>>O=C(-[C@;+0:1])-O-C-c1:c:c:c:c:c:1,[C;+0:1]>>O=C(-[C@;+0:1])-O-C-c1:c:c:c:c:c:1,[1],{1: -1}
277,CO>>Br-[C@@;+0:1].[O;+0:2],[C;+0:1]-[O;+0:2]>>Br-[C@@;+0:1].[O;+0:2],"[(1, 2)]","{1: 0, 2: 1}"
278,C>>Br-[C;+0:1],[C;+0:1]>>Br-[C;+0:1],[1],{1: -1}
279,CS>>Br-[c;+0:1].[S;-1:2],[c;+0:1]-[S;+0:2]>>Br-[c;+0:1].[S;-1:2],"[(1, 2)]","{1: 0, 2: 0}"
280,CO>>F-[c;+0:1].[O;-1:2],[c;+0:1]-[O;+0:2]>>F-[c;+0:1].[O;-1:2],"[(1, 2)]","{1: 0, 2: 0}"
281,[c;+0:1]1:[c;+0:2]:[n;+0:3]:[n;+0:4]:[n;+0:5]:1>>[C;+0:1]#[C;+0:2].[N;+0:3]=[N;+1:4]=[N;-1:5],[c;+0:1]1:[c;+0:2]:[n;+0:3]:[n;+0:4]:[n;+0:5]:1>>[C;+0:1]#[C;+0:2].[N;+0:3]=[N;+1:4]=[N;-1:5],"[(2, 3), (1, 5)]","{3: 0, 4: 0, 5: 0, 1: 0, 2: 0}"
282,CS>>Cl-[C@;+0:1].[S;+0:2],[C;+0:1]-[S;+0:2]>>Cl-[C@;+0:1].[S;+0:2],"[(1, 2)]","{1: 0, 2: 1}"
283,c1cscn1>>Cl-[C;+0:1]-[C;+0:2]=O.[N;+0:3]-[C;+0:4]=[S;+0:5],[c;+0:1]1:[c;+0:2]:[n;+0:3]:[c;+0:4]:[s;+0:5]:1>>Cl-[C;+0:1]-[C;+0:2]=O.[N;+0:3]-[C;+0:4]=[S;+0:5],"[(2, 3), (1, 5)]","{2: 0, 1: 1, 5: 0, 4: 0, 3: 2}"
284,NS>>F-[S;+0:1].[N;+0:2],[S;+0:1]-[N;+0:2]>>F-[S;+0:1].[N;+0:2],"[(2, 1)]","{1: 0, 2: 1}"
285,CC>>C-C1(-C)-O-B(-[C;+0:1])-O-C-1(-C)-C.F-C(-F)(-F)-S(=O)(=O)-O-[c;+0:2],[C;+0:1]-[c;+0:2]>>C-C1(-C)-O-B(-[C;+0:1])-O-C-1(-C)-C.F-C(-F)(-F)-S(=O)(=O)-O-[c;+0:2],"[(1, 2)]","{1: 0, 2: 0}"
286,CC>>C-C1(-C)-O-B(-[c;+0:1])-O-C-1(-C)-C.F-C(-F)(-F)-S(=O)(=O)-O-[C;+0:2],[C;+0:2]-[c;+0:1]>>C-C1(-C)-O-B(-[c;+0:1])-O-C-1(-C)-C.F-C(-F)(-F)-S(=O)(=O)-O-[C;+0:2],"[(1, 2)]","{1: 0, 2: 0}"
287,C1CO1>>C-C(=O)-O-[O;+0:1].[C;+0:2]=[C;+0:3],[C;+0:2]1-[C;+0:3]-[O;+0:1]-1>>C-C(=O)-O-[O;+0:1].[C;+0:2]=[C;+0:3],"[(2, 1), (3, 1)]","{1: 1, 2: 0, 3: 0}"
288,CN>>F-[C;+0:1].[N;+0:2],[C;+0:1]-[N;+0:2]>>F-[C;+0:1].[N;+0:2],"[(1, 2)]","{1: 0, 2: 1}"
289,C>>F-[c;+0:1],[c;+0:1]>>F-[c;+0:1],[1],{1: -1}
290,CCCC>>[C;+0:1]=[C;+0:2]-[C;+0:3]-[C;+0:4],[C;+0:1]-[C;+0:2]-[C;+0:3]-[C;+0:4]>>[C;+0:1]=[C;+0:2]-[C;+0:3]-[C;+0:4],"[(1, 2)]","{3: 0, 2: -1, 1: -1, 4: 0}"
291,CN>>Cl-[C;+0:1].[N;-1:2],[C;+0:1]-[N;+0:2]>>Cl-[C;+0:1].[N;-1:2],"[(1, 2)]","{1: 0, 2: 0}"
292,P>>Cl-[P;+0:1],[P;+0:1]>>Cl-[P;+0:1],[1],{1: -1}
293,CO>>O-[C@;+0:1].[O;+0:2],[C;+0:1]-[O;+0:2]>>O-[C@;+0:1].[O;+0:2],"[(1, 2)]","{2: 1, 1: 0}"
294,[c;+0:4]1:[n;+0:1]:[n;+0:2]:[n;+0:3]:[n;+0:5]:1>>C-C-C-C-[Sn](-C-C-C-C)(-C-C-C-C)-[N;+0:1]=[N;+1:2]=[N;-1:3].[C;+0:4]#[N;+0:5],[c;+0:4]1:[n;+0:1]:[n;+0:2]:[n;+0:3]:[n;+0:5]:1>>C-C-C-C-[Sn](-C-C-C-C)(-C-C-C-C)-[N;+0:1]=[N;+1:2]=[N;-1:3].[C;+0:4]#[N;+0:5],"[(4, 1), (3, 5)]","{1: -1, 2: 0, 3: 0, 5: 0, 4: 0}"
295,N>>[n;+0:1]-C1-C-C-C-C-O-1,[n;+0:1]>>[n;+0:1]-C1-C-C-C-C-O-1,[1],{1: -1}
296,C>>O-[C@;+0:1],[C;+0:1]>>O-[C@;+0:1],[1],{1: -1}
297,CC>>I-[c;+0:1].O-B(-O)-[C;+0:2],[C;+0:2]-[c;+0:1]>>I-[c;+0:1].O-B(-O)-[C;+0:2],"[(1, 2)]","{1: 0, 2: 0}"
298,[CH2]:N:C:[NH]>>O-[C;+0:1].[N;+0:2].O=[C;+0:3]-[N;+0:4],[c;+0:1]:[n;+0:4]:[c;+0:3]:[n;+0:2]>>O-[C;+0:1].[N;+0:2].O=[C;+0:3]-[N;+0:4],"[(3, 2), (1, 4)]","{3: 0, 4: 1, 1: 0, 2: 2}"
299,CN>>C-C-C-O-[C;+0:1].[N;+0:2],[C;+0:1]-[N;+0:2]>>C-C-C-O-[C;+0:1].[N;+0:2],"[(1, 2)]","{1: 0, 2: 1}"
300,CC>>Br-[C;+0:1].C-[Si](-C)(-C)-[C;+0:2],[C;+0:1]-[C;+0:2]>>Br-[C;+0:1].C-[Si](-C)(-C)-[C;+0:2],"[(1, 2)]","{1: 0, 2: 0}"
301,c1cncnc1>>O=[C;+0:1]-[C;+0:2]-[C;+0:3]=O.[N;+0:4]=[C;+0:5]-[N;+0:6],[c;+0:1]1:[c;+0:2]:[c;+0:3]:[n;+0:4]:[c;+0:5]:[n;+0:6]:1>>O=[C;+0:1]-[C;+0:2]-[C;+0:3]=O.[N;+0:4]=[C;+0:5]-[N;+0:6],"[(1, 6), (3, 4)]","{1: 0, 2: 1, 3: 0, 4: 1, 5: 0, 6: 2}"
302,CN>>C-C(-C)(-C)-C(=O)-O-[C;+0:1].[N;+0:2],[C;+0:1]-[N;+0:2]>>C-C(-C)(-C)-C(=O)-O-[C;+0:1].[N;+0:2],"[(1, 2)]","{1: 0, 2: 1}"
303,CN>>Cl-[c;+0:1].[N;-1:2],[c;+0:1]-[N;+0:2]>>Cl-[c;+0:1].[N;-1:2],"[(1, 2)]","{1: 0, 2: 0}"
304,CC>>Cl-[c;+0:1].[C;+0:2]-[Mg+],[c;+0:1]-[C;+0:2]>>Cl-[c;+0:1].[C;+0:2]-[Mg+],"[(1, 2)]","{1: 0, 2: 0}"
305,CC>>C-C1(-C)-O-B(-[c;+0:1])-O-C-1(-C)-C.F-C(-F)(-F)-S(=O)(=O)-O-[c;+0:2],[c;+0:2]-[c;+0:1]>>C-C1(-C)-O-B(-[c;+0:1])-O-C-1(-C)-C.F-C(-F)(-F)-S(=O)(=O)-O-[c;+0:2],"[(1, 2)]","{1: 0, 2: 0}"
306,[CH2]:C:N:[CH2]>>F-[c;+0:1].[C;+0:2]=[C;+0:3]-[N;+0:4],[c;+0:1]:[n;+0:4]:[c;+0:3]:[c;+0:2]>>F-[c;+0:1].[C;+0:2]=[C;+0:3]-[N;+0:4],"[(1, 4)]","{1: 0, 2: 0, 3: 0, 4: 1}"
307,[c;+0:1]1:[c;+0:2]:[n;+0:5]:[c;+0:4]:[n;+0:3]:1>>Br-[C;+0:1]-[C;+0:2]=O.[N;+0:3]=[C;+0:4]-[N;+0:5],[c;+0:1]1:[c;+0:2]:[n;+0:5]:[c;+0:4]:[n;+0:3]:1>>Br-[C;+0:1]-[C;+0:2]=O.[N;+0:3]=[C;+0:4]-[N;+0:5],"[(2, 5), (1, 3)]","{2: 0, 1: 1, 3: 1, 4: 0, 5: 1}"
308,N>>O=C(-[N;+0:1])-O-C-C1-c2:c:c:c:c:c:2-c2:c:c:c:c:c:2-1,[N;+0:1]>>O=C(-[N;+0:1])-O-C-C1-c2:c:c:c:c:c:2-c2:c:c:c:c:c:2-1,[1],{1: -1}
309,C[CH]:C:C:[CH]O>>[C;+0:1]-[O;+0:2]-[c;+0:3]:[c;+0:4]:[c;+0:5]:[c;+0:6],[C;+0:1]-[c;+0:6]:[c;+0:5]:[c;+0:4]:[c;+0:3]-[O;+0:2]>>[C;+0:1]-[O;+0:2]-[c;+0:3]:[c;+0:4]:[c;+0:5]:[c;+0:6],"[2, (1, 6)]","{1: 0, 6: 1, 5: 0, 4: 0, 3: 0, 2: -1}"
310,CN>>C-C(-Cl)-O-[C;+0:1].[N;+0:2],[C;+0:1]-[N;+0:2]>>C-C(-Cl)-O-[C;+0:1].[N;+0:2],"[(1, 2)]","{1: 0, 2: 1}"
311,CCO>>[C;+0:1]-[C;+0:2]=[O;+0:3],[C;+0:1]-[C;+0:2]-[O;+0:3]>>[C;+0:1]-[C;+0:2]=[O;+0:3],"[(2, 3)]","{1: 0, 2: -1, 3: -1}"
312,C=C>>C-[P+](-C)(-C)-[C;+0:1].O=[C;+0:2],[C;+0:1]=[C;+0:2]>>C-[P+](-C)(-C)-[C;+0:1].O=[C;+0:2],"[(1, 2)]","{1: 1, 2: 0}"
313,CC>>Br-[c;+0:1].[C;+0:2]-[Mg+],[c;+0:1]-[C;+0:2]>>Br-[c;+0:1].[C;+0:2]-[Mg+],"[(1, 2)]","{1: 0, 2: 0}"
314,CO>>I-[c;+0:1].[O;-1:2],[c;+0:1]-[O;+0:2]>>I-[c;+0:1].[O;-1:2],"[(1, 2)]","{2: 0, 1: 0}"
315,CNC>>O=[C;+0:1].[C@@;+0:2]-[N;+0:3],[C;+0:1]-[N;+0:3]-[C;+0:2]>>O=[C;+0:1].[C@@;+0:2]-[N;+0:3],"[(1, 3)]","{1: -1, 3: 1, 2: 0}"
316,CCCN>>C-O-[C;+0:1]-[C;+0:2].[N;+0:3].[c;+0:4],[N;+0:3]-[C;+0:1]-[C;+0:2]-[c;+0:4]>>C-O-[C;+0:1]-[C;+0:2].[N;+0:3].[c;+0:4],"[(1, 3), (2, 4)]","{1: 0, 2: 1, 4: 1, 3: 1}"
317,CN>>O=C(-O-C-c1:c:c:c:c:c:1)-[N;+0:1]-[C;+0:2],[C;+0:2]-[N;+0:1]>>O=C(-O-C-c1:c:c:c:c:c:1)-[N;+0:1]-[C;+0:2],[1],"{1: -1, 2: 0}"
318,CN>>C-C(=O)-O-[C;+0:1].[n;+0:2],[C;+0:1]-[n;+0:2]>>C-C(=O)-O-[C;+0:1].[n;+0:2],"[(1, 2)]","{1: 0, 2: 1}"
319,CC>>Cl-[C;+0:1].[C;+0:2],[C;+0:1]-[C;+0:2]>>Cl-[C;+0:1].[C;+0:2],"[(1, 2)]","{1: 0, 2: 1}"
320,CC=N>>O=[C;+0:1]-[N;+0:2].[c;+0:3],[N;+0:2]=[C;+0:1]-[c;+0:3]>>O=[C;+0:1]-[N;+0:2].[c;+0:3],"[(1, 3)]","{1: 0, 2: 1, 3: 1}"
321,CC>>Br-[c;+0:1].Br-[c;+0:2],[c;+0:1]-[c;+0:2]>>Br-[c;+0:1].Br-[c;+0:2],"[(1, 2)]","{2: 0, 1: 0}"
322,CO>>C-C(-C)(-C)-O-[C;+0:1]=[O;+0:2],[C;+0:1]-[O;+0:2]>>C-C(-C)(-C)-O-[C;+0:1]=[O;+0:2],"[(1, 2)]","{1: -2, 2: -1}"
323,CO>>O-[c;+0:1].[O;+0:2],[c;+0:1]-[O;+0:2]>>O-[c;+0:1].[O;+0:2],"[(1, 2)]","{2: 1, 1: 0}"
324,OBO>>C-C1(-C)-[O;+0:1]-[B;+0:2]-[O;+0:3]-C-1(-C)-C,[O;+0:1]-[B;+0:2]-[O;+0:3]>>C-C1(-C)-[O;+0:1]-[B;+0:2]-[O;+0:3]-C-1(-C)-C,"[1, 3]","{1: -1, 2: 0, 3: -1}"
325,CN>>C-C-C-C-C-C-C-C-C-C-C-C-O-[C;+0:1].[N;+0:2],[C;+0:1]-[N;+0:2]>>C-C-C-C-C-C-C-C-C-C-C-C-O-[C;+0:1].[N;+0:2],"[(1, 2)]","{1: 0, 2: 1}"
326,CC>>C-C-C-C-[Sn](-[c;+0:1])(-C-C-C-C)-C-C-C-C.F-C(-F)(-F)-S(=O)(=O)-O-[C;+0:2],[C;+0:2]-[c;+0:1]>>C-C-C-C-[Sn](-[c;+0:1])(-C-C-C-C)-C-C-C-C.F-C(-F)(-F)-S(=O)(=O)-O-[C;+0:2],"[(1, 2)]","{1: 0, 2: 0}"
327,C[NH3+]>>Cl-[c;+0:1].[N;+0:2],[c;+0:1]-[N;+1:2]>>Cl-[c;+0:1].[N;+0:2],"[(1, 2)]","{1: 0, 2: 0}"
328,CCN>>O=[C;+0:1].[c;+0:2].[n;+0:3],[c;+0:2]-[C;+0:1]-[n;+0:3]>>O=[C;+0:1].[c;+0:2].[n;+0:3],"[(1, 2), (1, 3)]","{1: 0, 2: 1, 3: 1}"
329,CC>>Br-[C;+0:1].C-C1(-C)-O-B(-[c;+0:2])-O-C-1(-C)-C,[C;+0:1]-[c;+0:2]>>Br-[C;+0:1].C-C1(-C)-O-B(-[c;+0:2])-O-C-1(-C)-C,"[(1, 2)]","{1: 0, 2: 0}"
330,CC>>Br-[C;+0:1].Cl-[C;+0:2],[C;+0:1]-[C;+0:2]>>Br-[C;+0:1].Cl-[C;+0:2],"[(1, 2)]","{1: 0, 2: 0}"
331,[CH2]:[SH]:[NH]>>[C;+0:1]=[S;+0:2].[N;+0:3],[c;+0:1]:[s;+0:2]:[n;+0:3]>>[C;+0:1]=[S;+0:2].[N;+0:3],"[(3, 2)]","{1: 0, 2: 0, 3: 2}"
332,CCC>>[C;+0:1]=[C;+0:2]/[C@@;+0:3],[C;+0:1]-[C;+0:2]-[C;+0:3]>>[C;+0:1]=[C;+0:2]/[C@@;+0:3],"[(1, 2)]","{1: -1, 2: -1, 3: 0}"
333,CC>>C-C(=O)-O-[C;+0:1].[c;+0:2],[C;+0:1]-[c;+0:2]>>C-C(=O)-O-[C;+0:1].[c;+0:2],"[(1, 2)]","{1: 0, 2: 1}"
334,[CH2]:C:C:C:[NH]>>O=[C;+0:1]/[C;+0:2]=[C;+0:3].[N;+0:4].[c;+0:5],[n;+0:4]:[c;+0:3]:[c;+0:2]:[c;+0:1]:[c;+0:5]>>O=[C;+0:1]/[C;+0:2]=[C;+0:3].[N;+0:4].[c;+0:5],"[(1, 5), (3, 4)]","{1: 0, 2: 0, 3: 1, 4: 2, 5: 1}"
335,CO>>Br-[C@;+0:1].[O;+0:2],[C;+0:1]-[O;+0:2]>>Br-[C@;+0:1].[O;+0:2],"[(1, 2)]","{1: 0, 2: 1}"
336,[NH]:C:[NH]>>[C;+0:1](-n1:c:c:n:c:1)-n1:c:c:n:c:1.[N;+0:2].[N;+0:3],[n;+0:2]:[c;+0:1]:[n;+0:3]>>[C;+0:1](-n1:c:c:n:c:1)-n1:c:c:n:c:1.[N;+0:2].[N;+0:3],"[(1, 2), (1, 3)]","{2: 1, 3: 1, 1: 0}"
337,O>>O=C(-[O;+0:1])-c1:c:c:c:c:c:1,[O;+0:1]>>O=C(-[O;+0:1])-c1:c:c:c:c:c:1,[1],{1: -1}
338,C>>I-[c;+0:1],[c;+0:1]>>I-[c;+0:1],[1],{1: -1}
339,CCN>>O-[C;+0:1]-[C;+0:2].[N;+0:3],[C;+0:2]-[C;+0:1]-[N;+0:3]>>O-[C;+0:1]-[C;+0:2].[N;+0:3],"[(1, 3)]","{1: 0, 2: 0, 3: 1}"
340,CP=O>>Br-[C;+0:1].C-C-[O;+0:2]-[P;+0:3],[C;+0:1]-[P;+0:3]=[O;+0:2]>>Br-[C;+0:1].C-C-[O;+0:2]-[P;+0:3],"[(1, 3)]","{1: 0, 3: 0, 2: 0}"
341,CN>>O-[C;+0:1].[n;+0:2],[C;+0:1]-[n;+0:2]>>O-[C;+0:1].[n;+0:2],"[(1, 2)]","{1: 0, 2: 1}"
342,CNC>>Cl-[c;+0:1].[C@;+0:2]-[N;+0:3],[c;+0:1]-[N;+0:3]-[C;+0:2]>>Cl-[c;+0:1].[C@;+0:2]-[N;+0:3],"[(1, 3)]","{1: 0, 3: 1, 2: 0}"
343,CC>>Br-[c;+0:1].C-B1-O-B(-C)-O-B(-[C;+0:2])-O-1,[C;+0:2]-[c;+0:1]>>Br-[c;+0:1].C-B1-O-B(-C)-O-B(-[C;+0:2])-O-1,"[(1, 2)]","{1: 0, 2: 0}"
344,N=CN>>[C;+0:1]#[N;+0:2].[N;+0:3],[N;+0:2]=[C;+0:1]-[N;+0:3]>>[C;+0:1]#[N;+0:2].[N;+0:3],"[(1, 3)]","{3: 1, 1: 0, 2: -1}"
345,CC>>Br-[C;+0:1].[C;+0:2]-[Mg+],[C;+0:1]-[C;+0:2]>>Br-[C;+0:1].[C;+0:2]-[Mg+],"[(1, 2)]","{1: 0, 2: 0}"
346,C[SnH]>>Cl-[Sn;+0:1].[c;+0:2],[Sn;+0:1]-[c;+0:2]>>Cl-[Sn;+0:1].[c;+0:2],"[(2, 1)]","{1: 0, 2: 1}"
347,C>>O-[C@@;+0:1],[C;+0:1]>>O-[C@@;+0:1],[1],{1: -1}
348,CC>>Br-[c;+0:1].[c;+0:2]-B1-O-C-C-N(-c2:c:c:c:c:c:2)-C-C-O-1,[c;+0:1]-[c;+0:2]>>Br-[c;+0:1].[c;+0:2]-B1-O-C-C-N(-c2:c:c:c:c:c:2)-C-C-O-1,"[(1, 2)]","{1: 0, 2: 0}"
349,CNC>>O=[C;+0:1].[C@;+0:2]-[N;+0:3],[C;+0:1]-[N;+0:3]-[C;+0:2]>>O=[C;+0:1].[C@;+0:2]-[N;+0:3],"[(1, 3)]","{1: -1, 3: 1, 2: 0}"
350,C[SH]=O>>Br-[C;+0:1].[O;+0:2]-[S;+0:3],[C;+0:1]-[S;+0:3]=[O;+0:2]>>Br-[C;+0:1].[O;+0:2]-[S;+0:3],"[(1, 3)]","{1: 0, 3: 0, 2: 1}"
351,COS>>Cl-[S;+0:1].[C;+0:2]-[O;+0:3],[S;+0:1]-[O;+0:3]-[C;+0:2]>>Cl-[S;+0:1].[C;+0:2]-[O;+0:3],"[(3, 1)]","{1: 0, 3: 1, 2: 0}"
352,[CH2]:C:N:[CH2]>>Cl-[c;+0:1].[C;+0:2]=[C;+0:3]-[N;+0:4],[c;+0:1]:[n;+0:4]:[c;+0:3]:[c;+0:2]>>Cl-[c;+0:1].[C;+0:2]=[C;+0:3]-[N;+0:4],"[(1, 4)]","{1: 0, 2: 0, 3: 0, 4: 1}"
353,CC>>Br-[c;+0:1].C-N1-C-C(=O)-O-B(-[c;+0:2])-O-C(=O)-C-1,[c;+0:1]-[c;+0:2]>>Br-[c;+0:1].C-N1-C-C(=O)-O-B(-[c;+0:2])-O-C(=O)-C-1,"[(1, 2)]","{1: 0, 2: 0}"
354,CC>>C=C-B1-O-B(-[C;+0:1])-O-B(-C=C)-O-1.Cl-[c;+0:2],[C;+0:1]-[c;+0:2]>>C=C-B1-O-B(-[C;+0:1])-O-B(-C=C)-O-1.Cl-[c;+0:2],"[(1, 2)]","{1: 0, 2: 0}"
355,[CH2]:C:C:[NH]>>C-C-O-[C;+0:1]/[C;+0:2]=[C;+0:3].[N;+0:4],[c;+0:3]:[c;+0:2]:[c;+0:1]:[n;+0:4]>>C-C-O-[C;+0:1]/[C;+0:2]=[C;+0:3].[N;+0:4],"[(1, 4)]","{1: 0, 2: 0, 3: 0, 4: 1}"
356,CC>>Br-[c;+0:1].Cl-[C;+0:2],[c;+0:1]-[C;+0:2]>>Br-[c;+0:1].Cl-[C;+0:2],"[(1, 2)]","{1: 0, 2: 0}"
357,CNC>>O-[C;+0:1].[C@@;+0:2]-[N;+0:3],[C;+0:1]-[N;+0:3]-[C;+0:2]>>O-[C;+0:1].[C@@;+0:2]-[N;+0:3],"[(1, 3)]","{1: 0, 3: 1, 2: 0}"
358,CN>>C-C(-C)(-C)-O-C(=O)-[N;+0:1]-[C@;+0:2],[C;+0:2]-[N;+0:1]>>C-C(-C)(-C)-O-C(=O)-[N;+0:1]-[C@;+0:2],[1],"{1: -1, 2: 0}"
359,C=CCO>>C-C-C(=O)-[O;+0:1]-[C;+0:2]-[C;+0:3].O=[C;+0:4],[C;+0:4]=[C;+0:3]-[C;+0:2]-[O;+0:1]>>C-C-C(=O)-[O;+0:1]-[C;+0:2]-[C;+0:3].O=[C;+0:4],"[1, (3, 4)]","{1: -1, 2: 0, 3: 2, 4: 0}"
360,C[SH]=O>>Cl-[C;+0:1].[O;-1:2]-[S;+0:3],[C;+0:1]-[S;+0:3]=[O;+0:2]>>Cl-[C;+0:1].[O;-1:2]-[S;+0:3],"[(1, 3)]","{1: 0, 3: 0, 2: 0}"
361,N>>O=C(-[n;+0:1])-O-C-c1:c:c:c:c:c:1,[n;+0:1]>>O=C(-[n;+0:1])-O-C-c1:c:c:c:c:c:1,[1],{1: -1}
362,CN>>I-[C;+0:1].[N;-1:2],[C;+0:1]-[N;+0:2]>>I-[C;+0:1].[N;-1:2],"[(1, 2)]","{1: 0, 2: 0}"
363,CC>>Br-[c;+0:1].C-[Sn](-C)(-C)-[C;+0:2],[C;+0:2]-[c;+0:1]>>Br-[c;+0:1].C-[Sn](-C)(-C)-[C;+0:2],"[(1, 2)]","{1: 0, 2: 0}"
364,[C;+0:4]-[c;+0:5]1:[n;+0:1]:[n;+0:2]:[n;+0:3]:[n;+0:6]:1>>C-[Si](-C)(-C)-[N;+0:1]=[N;+1:2]=[N;-1:3].[C@;+0:4]-[C;+0:5]#[N;+0:6],[C;+0:4]-[c;+0:5]1:[n;+0:1]:[n;+0:2]:[n;+0:3]:[n;+0:6]:1>>C-[Si](-C)(-C)-[N;+0:1]=[N;+1:2]=[N;-1:3].[C@;+0:4]-[C;+0:5]#[N;+0:6],"[(5, 1), (3, 6)]","{1: -1, 2: 0, 3: 0, 6: 0, 5: 0, 4: 0}"
365,CC>>C-C1(-C)-C-O-B(-[c;+0:1])-O-C-1.I-[c;+0:2],[c;+0:2]-[c;+0:1]>>C-C1(-C)-C-O-B(-[c;+0:1])-O-C-1.I-[c;+0:2],"[(1, 2)]","{1: 0, 2: 0}"
366,CCCN>>O-[C;+0:1]-[C;+0:2]-[C;+0:3].[N;+0:4],[C;+0:3]-[C;+0:2]-[C;+0:1]-[N;+0:4]>>O-[C;+0:1]-[C;+0:2]-[C;+0:3].[N;+0:4],"[(1, 4)]","{1: 0, 2: 0, 3: 0, 4: 1}"
367,[CH2]:[NH]>>F-[c;+0:1].[N;+0:2],[c;+0:1]:[n;+0:2]>>F-[c;+0:1].[N;+0:2],"[(1, 2)]","{1: 0, 2: 1}"
368,C=NCC>>[c;+0:1]:[c;+0:2]:[n;+0:3]:[c;+0:4],[C;+0:1]-[C;+0:2]-[N;+0:3]=[C;+0:4]>>[c;+0:1]:[c;+0:2]:[n;+0:3]:[c;+0:4],"[(4, 3)]","{4: 0, 3: 0, 2: -1, 1: -1}"
369,CC>>Cl-[C;+0:1].O-B(-O)-[c;+0:2],[C;+0:1]-[c;+0:2]>>Cl-[C;+0:1].O-B(-O)-[c;+0:2],"[(1, 2)]","{1: 0, 2: 0}"
370,N>>[N;+0:1]-C(-c1:c:c:c:c:c:1)-c1:c:c:c:c:c:1,[N;+0:1]>>[N;+0:1]-C(-c1:c:c:c:c:c:1)-c1:c:c:c:c:c:1,[1],{1: -1}
371,CCBr>>[Br;+0:1].[C;+0:2]=[C;+0:3],[Br;+0:1]-[C;+0:2]-[C;+0:3]>>[Br;+0:1].[C;+0:2]=[C;+0:3],"[(2, 1)]","{1: 1, 2: 0, 3: -1}"
372,C[SH]=O>>Br-[C;+0:1].[O;-1:2]-[S;+0:3],[C;+0:1]-[S;+0:3]=[O;+0:2]>>Br-[C;+0:1].[O;-1:2]-[S;+0:3],"[(1, 3)]","{1: 0, 3: 0, 2: 0}"
373,CC>>Br-[c;+0:1].C-[Si](-C)(-C)-[C;+0:2],[C;+0:2]-[c;+0:1]>>Br-[c;+0:1].C-[Si](-C)(-C)-[C;+0:2],"[(1, 2)]","{1: 0, 2: 0}"
374,CN>>C-C-C-C-C-C-C-C-C(=O)-O-[C;+0:1].[N;+0:2],[C;+0:1]-[N;+0:2]>>C-C-C-C-C-C-C-C-C(=O)-O-[C;+0:1].[N;+0:2],"[(1, 2)]","{1: 0, 2: 1}"
375,CS>>Br-[C@@;+0:1].[S;+0:2],[C;+0:1]-[S;+0:2]>>Br-[C@@;+0:1].[S;+0:2],"[(1, 2)]","{1: 0, 2: 1}"
376,CC>>Cl-[C;+0:1].Cl-[c;+0:2],[C;+0:1]-[c;+0:2]>>Cl-[C;+0:1].Cl-[c;+0:2],"[(1, 2)]","{1: 0, 2: 0}"
377,C=O>>C-C-O-[C;+0:1]-[O;+0:2]-C-C,[C;+0:1]=[O;+0:2]>>C-C-O-[C;+0:1]-[O;+0:2]-C-C,"[(1, 2)]","{2: 0, 1: 0}"
378,C1CC1>>C-[S+](-C)(=O)-[C;+0:1].[C;+0:2]=[C;+0:3],[C;+0:1]1-[C;+0:3]-[C;+0:2]-1>>C-[S+](-C)(=O)-[C;+0:1].[C;+0:2]=[C;+0:3],"[(1, 2), (1, 3)]","{1: 1, 2: 0, 3: 0}"
379,[CH2]:[O]>>Cl-[c;+0:1].[O;+0:2],[c;+0:1]:[o;+0:2]>>Cl-[c;+0:1].[O;+0:2],"[(1, 2)]","{1: 0, 2: 1}"
380,C=C[CH]:[CH]CO>>[O;+0:1]=[c;+0:2]:[c;+0:3]:[c;+0:4]:[c;+0:5]:[c;+0:6],[O;+0:1]-[C;+0:2]-[c;+0:3]:[c;+0:4]-[C;+0:5]=[C;+0:6]>>[O;+0:1]=[c;+0:2]:[c;+0:3]:[c;+0:4]:[c;+0:5]:[c;+0:6],"[(2, 1), (5, 6)]","{2: -1, 1: -1, 3: 0, 4: 0, 5: 0, 6: 0}"
381,CS>>I-[C;+0:1].[S;+0:2],[C;+0:1]-[S;+0:2]>>I-[C;+0:1].[S;+0:2],"[(1, 2)]","{1: 0, 2: 1}"
382,[CH2]:N:N:[CH2]>>F-[c;+0:1].[C;+0:2]=[N;+0:3]-[N;+0:4],[c;+0:1]:[n;+0:4]:[n;+0:3]:[c;+0:2]>>F-[c;+0:1].[C;+0:2]=[N;+0:3]-[N;+0:4],"[(1, 4)]","{1: 0, 2: 0, 3: 0, 4: 1}"
383,[CH2]:[NH]>>Cl-[c;+0:1].[N;+0:2],[c;+0:1]:[n;+0:2]>>Cl-[c;+0:1].[N;+0:2],"[(1, 2)]","{1: 0, 2: 1}"
384,CN>>Cl-C-C(=O)-O-[C;+0:1].[N;+0:2],[C;+0:1]-[N;+0:2]>>Cl-C-C(=O)-O-[C;+0:1].[N;+0:2],"[(1, 2)]","{1: 0, 2: 1}"
385,N>>O=C(-[n;+0:1])-c1:c:c:c:c:c:1,[n;+0:1]>>O=C(-[n;+0:1])-c1:c:c:c:c:c:1,[1],{1: -1}
386,CS>>Cl-[c;+0:1].[S;-1:2],[c;+0:1]-[S;+0:2]>>Cl-[c;+0:1].[S;-1:2],"[(1, 2)]","{1: 0, 2: 0}"
387,S>>C-C(=O)-[S;+0:1],[S;+0:1]>>C-C(=O)-[S;+0:1],[1],{1: -1}
388,CS>>I-[c;+0:1].[S;-1:2],[c;+0:1]-[S;+0:2]>>I-[c;+0:1].[S;-1:2],"[(1, 2)]","{1: 0, 2: 0}"
389,CCC>>Br-[C;+0:1]-[C;+0:2].[C;-1:3],[C;+0:2]-[C;+0:1]-[C;+0:3]>>Br-[C;+0:1]-[C;+0:2].[C;-1:3],"[(1, 3)]","{1: 0, 2: 0, 3: 0}"
390,[CH2]:C:C:[NH]>>O=[C;+0:1]-[C;+0:2].O=[C;+0:3].[N;+0:4],[c;+0:3]:[c;+0:2]:[c;+0:1]:[n;+0:4]>>O=[C;+0:1]-[C;+0:2].O=[C;+0:3].[N;+0:4],"[(1, 4), (2, 3)]","{1: 0, 2: 2, 3: 0, 4: 2}"
391,[c;+0:4]1:[n;+0:1]:[n;+0:2]:[n;+0:3]:[n;+0:5]:1>>C-[Si](-C)(-C)-[N;+0:1]=[N;+1:2]=[N;-1:3].[C;+0:4]#[N;+0:5],[c;+0:4]1:[n;+0:1]:[n;+0:2]:[n;+0:3]:[n;+0:5]:1>>C-[Si](-C)(-C)-[N;+0:1]=[N;+1:2]=[N;-1:3].[C;+0:4]#[N;+0:5],"[(4, 1), (3, 5)]","{1: -1, 2: 0, 3: 0, 5: 0, 4: 0}"
392,CCN>>O-[C;+0:1]-[C@;+0:2].[N;+0:3],[C;+0:2]-[C;+0:1]-[N;+0:3]>>O-[C;+0:1]-[C@;+0:2].[N;+0:3],"[(1, 3)]","{1: 0, 2: 0, 3: 1}"
393,CN>>Cl-C(-F)(-F)-C(=O)-O-[C;+0:1].[N;+0:2],[C;+0:1]-[N;+0:2]>>Cl-C(-F)(-F)-C(=O)-O-[C;+0:1].[N;+0:2],"[(1, 2)]","{1: 0, 2: 1}"
394,CCO>>Br-[C;+0:1].[C;+0:2]=[O;+0:3],[C;+0:1]-[C;+0:2]-[O;+0:3]>>Br-[C;+0:1].[C;+0:2]=[O;+0:3],"[(1, 2)]","{1: 0, 2: 0, 3: -1}"
395,[c;+0:4]1:[n;+0:5]:[n;+0:3]:[n;+0:2]:[n;+0:1]:1>>C-[Si](-C)(-C)-[N;+0:1]=[N;+1:2]=[N;-1:3].[C;+0:4]#[N;+0:5],[c;+0:4]1:[n;+0:5]:[n;+0:3]:[n;+0:2]:[n;+0:1]:1>>C-[Si](-C)(-C)-[N;+0:1]=[N;+1:2]=[N;-1:3].[C;+0:4]#[N;+0:5],"[(4, 1), (3, 5)]","{1: -1, 2: 0, 3: 0, 5: 0, 4: 0}"
396,CC>>I-[c;+0:1].[Zn+]-[c;+0:2],[c;+0:1]-[c;+0:2]>>I-[c;+0:1].[Zn+]-[c;+0:2],"[(1, 2)]","{1: 0, 2: 0}"
397,CN>>O=C(-O-[C;+0:1])-O-C-c1:c:c:c:c:c:1.[N;+0:2],[C;+0:1]-[N;+0:2]>>O=C(-O-[C;+0:1])-O-C-c1:c:c:c:c:c:1.[N;+0:2],"[(1, 2)]","{1: 0, 2: 1}"
398,C=O>>C1-C-O-[C;+0:1]-[O;+0:2]-C-1,[C;+0:1]=[O;+0:2]>>C1-C-O-[C;+0:1]-[O;+0:2]-C-1,"[(1, 2)]","{2: 0, 1: 0}"
399,CC>>Cl-[c;+0:1].[Mg+]-[c;+0:2],[c;+0:1]-[c;+0:2]>>Cl-[c;+0:1].[Mg+]-[c;+0:2],"[(1, 2)]","{1: 0, 2: 0}"
400,CC>>Br-[C;+0:1].Br-[c;+0:2],[C;+0:1]-[c;+0:2]>>Br-[C;+0:1].Br-[c;+0:2],"[(1, 2)]","{1: 0, 2: 0}"
401,[CH2]:[NH]>>O=[C;+0:1].[N;+0:2],[c;+0:1]:[n;+0:2]>>O=[C;+0:1].[N;+0:2],"[(1, 2)]","{1: 0, 2: 2}"
402,CNC=O>>[O;+0:1]-[N;+0:2]=[C;+0:3]-[c;+0:4],[O;+0:1]=[C;+0:3]-[N;+0:2]-[c;+0:4]>>[O;+0:1]-[N;+0:2]=[C;+0:3]-[c;+0:4],"[(3, 1), (4, 2)]","{3: 0, 1: 1, 2: -1, 4: 0}"
403,C=C>>C-O-P(=O)(-[C;+0:1])-O-C.O=[C;+0:2],[C;+0:2]=[C;+0:1]>>C-O-P(=O)(-[C;+0:1])-O-C.O=[C;+0:2],"[(1, 2)]","{1: 1, 2: 0}"
404,CN>>C-C(-C)-C(=O)-O-[C;+0:1].[N;+0:2],[C;+0:1]-[N;+0:2]>>C-C(-C)-C(=O)-O-[C;+0:1].[N;+0:2],"[(1, 2)]","{1: 0, 2: 1}"
405,CC>>C-[Si](-C)(-C)-[C;+0:1].I-[c;+0:2],[C;+0:1]-[c;+0:2]>>C-[Si](-C)(-C)-[C;+0:1].I-[c;+0:2],"[(1, 2)]","{1: 0, 2: 0}"
406,CNC>>O=[C;+0:1].[C;+0:2]-[N;+0:3],[C;+0:1]-[N;+0:3]-[C;+0:2]>>O=[C;+0:1].[C;+0:2]-[N;+0:3],"[(1, 3)]","{1: -1, 3: 1, 2: 0}"
407,CC>>Cl-[c;+0:1].[C;+0:2]-[Zn+],[c;+0:1]-[C;+0:2]>>Cl-[c;+0:1].[C;+0:2]-[Zn+],"[(1, 2)]","{1: 0, 2: 0}"
408,c1cncnc1>>C-O-[C;+0:1](-O-C)-N(-C)-C.O=[C;+0:2]-[C;+0:3].[N;+0:4]=[C;+0:5]-[N;+0:6],[c;+0:5]1:[n;+0:4]:[c;+0:1]:[c;+0:3]:[c;+0:2]:[n;+0:6]:1>>C-O-[C;+0:1](-O-C)-N(-C)-C.O=[C;+0:2]-[C;+0:3].[N;+0:4]=[C;+0:5]-[N;+0:6],"[(1, 3), (1, 4), (2, 6)]","{1: 0, 3: 2, 2: 0, 6: 2, 5: 0, 4: 1}"
409,O>>O=C(-[O;+0:1])-c1:c:c:c(-[N+](=O)-[O-]):c:c:1,[O;+0:1]>>O=C(-[O;+0:1])-c1:c:c:c(-[N+](=O)-[O-]):c:c:1,[1],{1: -1}
410,[NH4+]>>C-C(-C)(-C)-O-C(=O)-[N;+0:1],[N;+1:1]>>C-C(-C)(-C)-O-C(=O)-[N;+0:1],[1],{1: -2}
411,CC>>C-C-C-C-[Sn](-[c;+0:1])(-C-C-C-C)-C-C-C-C.Cl-[c;+0:2],[c;+0:1]-[c;+0:2]>>C-C-C-C-[Sn](-[c;+0:1])(-C-C-C-C)-C-C-C-C.Cl-[c;+0:2],"[(1, 2)]","{1: 0, 2: 0}"
412,CN>>C-S(=O)(=O)-O-[C@;+0:1].[N;+0:2],[C;+0:1]-[N;+0:2]>>C-S(=O)(=O)-O-[C@;+0:1].[N;+0:2],"[(1, 2)]","{1: 0, 2: 1}"
413,CN>>Cl-C(-Cl)(-Cl)-O-[C;+0:1].[N;+0:2],[C;+0:1]-[N;+0:2]>>Cl-C(-Cl)(-Cl)-O-[C;+0:1].[N;+0:2],"[(1, 2)]","{1: 0, 2: 1}"
414,[CH2]:C:[NH]>>[C;+0:1]#[C;+0:2].[N;+0:3],[c;+0:1]:[c;+0:2]:[n;+0:3]>>[C;+0:1]#[C;+0:2].[N;+0:3],"[(2, 3)]","{2: 0, 1: -1, 3: 1}"
415,CN>>O-B(-O)-[C;+0:1].[N;+0:2],[C;+0:1]-[N;+0:2]>>O-B(-O)-[C;+0:1].[N;+0:2],"[(1, 2)]","{1: 0, 2: 1}"
416,CN>>C-C(-C)(-C)-O-C(=O)-[N;+0:1]-[C@@;+0:2],[C;+0:2]-[N;+0:1]>>C-C(-C)(-C)-O-C(=O)-[N;+0:1]-[C@@;+0:2],[1],"{1: -1, 2: 0}"
417,CC>>Cl-[C;+0:1].[Zn+]-[c;+0:2],[C;+0:1]-[c;+0:2]>>Cl-[C;+0:1].[Zn+]-[c;+0:2],"[(1, 2)]","{1: 0, 2: 0}"
418,CC>>Br-[C;+0:1].[C;+0:2],[C;+0:1]-[C;+0:2]>>Br-[C;+0:1].[C;+0:2],"[(1, 2)]","{1: 0, 2: 1}"
419,C[SnH]>>Br-[c;+0:1].Cl-[Sn;+0:2],[c;+0:1]-[Sn;+0:2]>>Br-[c;+0:1].Cl-[Sn;+0:2],"[(1, 2)]","{1: 0, 2: 0}"
420,CN>>Br-[C@;+0:1].[N;+0:2],[C;+0:1]-[N;+0:2]>>Br-[C@;+0:1].[N;+0:2],"[(1, 2)]","{1: 0, 2: 1}"
421,CC>>I-[C;+0:1].[C;+0:2],[C;+0:1]-[C;+0:2]>>I-[C;+0:1].[C;+0:2],"[(1, 2)]","{1: 0, 2: 1}"
422,C[SH]=O>>I-[c;+0:1].[O;-1:2]-[S;+0:3],[c;+0:1]-[S;+0:3]=[O;+0:2]>>I-[c;+0:1].[O;-1:2]-[S;+0:3],"[(1, 3)]","{1: 0, 3: 0, 2: 0}"
423,C>>O-[c;+0:1],[c;+0:1]>>O-[c;+0:1],[1],{1: -1}
424,[c;+0:4]1:[c;+0:5]:[n;+0:1]:[n;+0:2]:[n;+0:3]:1>>C-[Si](-C)(-C)-[N;+0:1]=[N;+1:2]=[N;-1:3].[C;+0:4]#[C;+0:5],[c;+0:4]1:[c;+0:5]:[n;+0:1]:[n;+0:2]:[n;+0:3]:1>>C-[Si](-C)(-C)-[N;+0:1]=[N;+1:2]=[N;-1:3].[C;+0:4]#[C;+0:5],"[(5, 1), (4, 3)]","{1: 0, 2: 0, 3: -1, 4: 0, 5: 0}"
425,CC>>Br-[Zn]-[C;+0:1].Br-[c;+0:2],[C;+0:1]-[c;+0:2]>>Br-[Zn]-[C;+0:1].Br-[c;+0:2],"[(1, 2)]","{1: 0, 2: 0}"
426,CCNC>>O-[C;+0:1].[C;+0:2]=[C;+0:3].[N;+0:4],[C;+0:1]-[N;+0:4]-[C;+0:2]-[C;+0:3]>>O-[C;+0:1].[C;+0:2]=[C;+0:3].[N;+0:4],"[(1, 4), (2, 4)]","{1: 0, 3: -1, 2: 0, 4: 2}"
427,CCCl>>[C;+0:1]=[C;+0:2].[Cl;+0:3],[C;+0:1]-[C;+0:2]-[Cl;+0:3]>>[C;+0:1]=[C;+0:2].[Cl;+0:3],"[(2, 3)]","{1: -1, 2: 0, 3: 1}"
428,CNC=O>>[C;+0:1]-[C;+0:2]=[N;+0:3]-[O;+0:4],[C;+0:1]-[N;+0:3]-[C;+0:2]=[O;+0:4]>>[C;+0:1]-[C;+0:2]=[N;+0:3]-[O;+0:4],"[(2, 4), (1, 3)]","{4: 1, 2: 0, 3: -1, 1: 0}"
429,CCN>>O=[C;+0:1]-[C;+0:2].[N;+0:3],[C;+0:2]-[C;+0:1]-[N;+0:3]>>O=[C;+0:1]-[C;+0:2].[N;+0:3],"[(1, 3)]","{1: -1, 3: 1, 2: 0}"
430,CCNS>>Cl-[S;+0:1].[C;+0:2]-[C;+0:3]-[N;+0:4],[S;+0:1]-[N;+0:4]-[C;+0:3]-[C;+0:2]>>Cl-[S;+0:1].[C;+0:2]-[C;+0:3]-[N;+0:4],"[(4, 1)]","{1: 0, 4: 1, 3: 0, 2: 0}"
431,C>>I-[C@@;+0:1],[C;+0:1]>>I-[C@@;+0:1],[1],{1: -1}
432,O>>C-C(-C)-C(-C)(-C)-[Si](-C)(-C)-[O;+0:1],[O;+0:1]>>C-C(-C)-C(-C)(-C)-[Si](-C)(-C)-[O;+0:1],[1],{1: -1}
433,CN>>C-C-O-[C;+0:1].[N;+1:2],[C;+0:1]-[N;+0:2]>>C-C-O-[C;+0:1].[N;+1:2],"[(1, 2)]","{1: 0, 2: 2}"
434,CNC>>Br-[c;+0:1].[C;+0:2]-[N;+0:3],[c;+0:1]-[N;+0:3]-[C;+0:2]>>Br-[c;+0:1].[C;+0:2]-[N;+0:3],"[(1, 3)]","{1: 0, 3: 1, 2: 0}"
435,CCl>>Cl-C(-Cl)(-Cl)-[Cl;+0:1].O-[C;+0:2],[C;+0:2]-[Cl;+0:1]>>Cl-C(-Cl)(-Cl)-[Cl;+0:1].O-[C;+0:2],"[(2, 1)]","{1: 0, 2: 0}"
436,CNC>>F-[c;+0:1].[C@@;+0:2]-[N;+0:3],[c;+0:1]-[N;+0:3]-[C;+0:2]>>F-[c;+0:1].[C@@;+0:2]-[N;+0:3],"[(1, 3)]","{1: 0, 3: 1, 2: 0}"
437,CN>>[C;+0:1]-O-C-c1:c:c:c:c:c:1.[N;+0:2],[C;+0:1]-[N;+0:2]>>[C;+0:1]-O-C-c1:c:c:c:c:c:1.[N;+0:2],"[(1, 2)]","{1: 0, 2: 1}"
438,CC>>Br-[c;+0:1].C-C1-C-C(-C)(-C)-O-B(-[C;+0:2])-O-1,[C;+0:2]-[c;+0:1]>>Br-[c;+0:1].C-C1-C-C(-C)(-C)-O-B(-[C;+0:2])-O-1,"[(1, 2)]","{1: 0, 2: 0}"
439,CC>>C-B1-O-B(-C)-O-B(-[C;+0:1])-O-1.Cl-[c;+0:2],[C;+0:1]-[c;+0:2]>>C-B1-O-B(-C)-O-B(-[C;+0:1])-O-1.Cl-[c;+0:2],"[(1, 2)]","{1: 0, 2: 0}"
440,[CH2]:C:C:[NH]>>I-[c;+0:1].[N;+0:2].[C;+0:3]#[C;+0:4],[c;+0:1]:[c;+0:3]:[c;+0:4]:[n;+0:2]>>I-[c;+0:1].[N;+0:2].[C;+0:3]#[C;+0:4],"[(1, 3), (4, 2)]","{1: 0, 2: 1, 4: 0, 3: 0}"
441,[CH2]:C:C:C:[NH]>>C-C-O-[C;+0:1]-[C;+0:2]-[C;+0:3]=O.[N;+0:4].[c;+0:5],[n;+0:4]:[c;+0:3]:[c;+0:2]:[c;+0:1]:[c;+0:5]>>C-C-O-[C;+0:1]-[C;+0:2]-[C;+0:3]=O.[N;+0:4].[c;+0:5],"[(1, 5), (3, 4)]","{1: 0, 2: 1, 3: 0, 4: 1, 5: 1}"
442,OS>>Cl-[S;+0:1]=[O;+0:2],[S;+0:1]-[O;+0:2]>>Cl-[S;+0:1]=[O;+0:2],"[(2, 1)]","{1: 0, 2: -1}"
443,CC=O>>[C@@;+0:1]-[C@;+0:2]-[O;+0:3],[C;+0:1]-[C;+0:2]=[O;+0:3]>>[C@@;+0:1]-[C@;+0:2]-[O;+0:3],"[(2, 3)]","{1: 0, 2: 1, 3: 1}"
444,CN>>C-S(=O)(=O)-O-[C@;+0:1].[N;-1:2],[C;+0:1]-[N;+0:2]>>C-S(=O)(=O)-O-[C@;+0:1].[N;-1:2],"[(1, 2)]","{1: 0, 2: 0}"
445,C1CO1>>O-[O;+0:1].[C;+0:2]=[C;+0:3],[O;+0:1]1-[C;+0:2]-[C;+0:3]-1>>O-[O;+0:1].[C;+0:2]=[C;+0:3],"[(2, 1), (3, 1)]","{1: 1, 2: 0, 3: 0}"
446,CCO>>Br-[c;+0:1].[C;+0:2]=[O;+0:3],[c;+0:1]-[C;+0:2]-[O;+0:3]>>Br-[c;+0:1].[C;+0:2]=[O;+0:3],"[(1, 2)]","{1: 0, 2: 0, 3: -1}"
447,CC>>Br-[c;+0:1].C-C(-C)-O-B(-[C;+0:2])-O-C(-C)-C,[C;+0:2]-[c;+0:1]>>Br-[c;+0:1].C-C(-C)-O-B(-[C;+0:2])-O-C(-C)-C,"[(1, 2)]","{1: 0, 2: 0}"
448,CO>>C-C-C-C-O-[C;+0:1]=[O;+0:2],[C;+0:1]-[O;+0:2]>>C-C-C-C-O-[C;+0:1]=[O;+0:2],"[(1, 2)]","{1: -2, 2: -1}"
449,CO>>C-C(-O-[C;+0:1]=[O;+0:2])-C(-C)=O,[C;+0:1]-[O;+0:2]>>C-C(-O-[C;+0:1]=[O;+0:2])-C(-C)=O,"[(1, 2)]","{1: -2, 2: -1}"
450,CCN>>O=[C;+0:1]-[C@@;+0:2].[N;+0:3],[C;+0:2]-[C;+0:1]-[N;+0:3]>>O=[C;+0:1]-[C@@;+0:2].[N;+0:3],"[(1, 3)]","{1: -1, 2: 0, 3: 1}"
451,CCNC>>[C;+0:1]-[N;+0:2](-C-c1:c:c:c:c:c:1)-[C;+0:3]-[C;+0:4],[C;+0:1]-[N;+0:2]-[C;+0:3]-[C;+0:4]>>[C;+0:1]-[N;+0:2](-C-c1:c:c:c:c:c:1)-[C;+0:3]-[C;+0:4],[2],"{2: -1, 3: 0, 1: 0, 4: 0}"
452,CC>>C-S(=O)(=O)-O-[C@@;+0:1].[C;-1:2],[C;+0:2]-[C;+0:1]>>C-S(=O)(=O)-O-[C@@;+0:1].[C;-1:2],"[(1, 2)]","{1: 0, 2: 0}"
453,CN>>Br-[c;+0:1].[N;+1:2],[c;+0:1]-[N;+0:2]>>Br-[c;+0:1].[N;+1:2],"[(1, 2)]","{1: 0, 2: 2}"
454,COC>>F-[c;+0:1].[C@@;+0:2]-[O;+0:3],[c;+0:1]-[O;+0:3]-[C;+0:2]>>F-[c;+0:1].[C@@;+0:2]-[O;+0:3],"[(1, 3)]","{1: 0, 3: 1, 2: 0}"
455,CNC>>Br-[C;+0:1].Cl-[C;+0:2].[N;+0:3],[C;+0:1]-[N;+0:3]-[C;+0:2]>>Br-[C;+0:1].Cl-[C;+0:2].[N;+0:3],"[(2, 3), (1, 3)]","{2: 0, 1: 0, 3: 2}"
456,CCNCN>>[C;+0:1]=[N;+0:2]-[C@;+0:3]-[C@@;+0:4].[N;+0:5],[C;+0:4]-[C;+0:3]-[N;+0:2]-[C;+0:1]-[N;+0:5]>>[C;+0:1]=[N;+0:2]-[C@;+0:3]-[C@@;+0:4].[N;+0:5],"[(1, 5)]","{5: 1, 1: 0, 2: -1, 3: 0, 4: 0}"
457,CC>>Cl-[C;+0:1].[C;+0:2]-[Cu],[C;+0:1]-[C;+0:2]>>Cl-[C;+0:1].[C;+0:2]-[Cu],"[(1, 2)]","{1: 0, 2: 0}"
458,CS>>I-[C;+0:1].[S;-1:2],[C;+0:1]-[S;+0:2]>>I-[C;+0:1].[S;-1:2],"[(1, 2)]","{1: 0, 2: 0}"
459,[C-]#[NH+]>>O=[C;+0:1]-[N;+0:2],[C;-1:1]#[N;+1:2]>>O=[C;+0:1]-[N;+0:2],"[(1, 2)]","{1: 1, 2: 1}"
460,CNC>>Cl-[C;+0:1].[C@@;+0:2]-[N;+0:3],[C;+0:1]-[N;+0:3]-[C;+0:2]>>Cl-[C;+0:1].[C@@;+0:2]-[N;+0:3],"[(1, 3)]","{1: 0, 3: 1, 2: 0}"
461,CC>>Br-[c;+0:1].Cl-[c;+0:2],[c;+0:1]-[c;+0:2]>>Br-[c;+0:1].Cl-[c;+0:2],"[(1, 2)]","{1: 0, 2: 0}"
462,CCO>>Cl-[C;+0:1]-[C@;+0:2].[O;+0:3],[C;+0:2]-[C;+0:1]-[O;+0:3]>>Cl-[C;+0:1]-[C@;+0:2].[O;+0:3],"[(1, 3)]","{1: 0, 2: 0, 3: 1}"
463,CN>>C-O-[C;+0:1].[N;+1:2],[C;+0:1]-[N;+0:2]>>C-O-[C;+0:1].[N;+1:2],"[(1, 2)]","{1: 0, 2: 2}"
464,CC>>C-N(-C)-[C;+0:1].Cl-[c;+0:2],[C;+0:1]-[c;+0:2]>>C-N(-C)-[C;+0:1].Cl-[c;+0:2],"[(1, 2)]","{1: 0, 2: 0}"
465,[c;+0:3]1:[c;+0:4]:[n;+0:2]:[n;+0:1]:[n;+0:5]:1>>C-[Si](-C)(-C)-N=[N;+1:1]=[N;-1:2].[C;+0:3]#[C;+0:4].[N;+0:5],[c;+0:3]1:[c;+0:4]:[n;+0:2]:[n;+0:1]:[n;+0:5]:1>>C-[Si](-C)(-C)-N=[N;+1:1]=[N;-1:2].[C;+0:3]#[C;+0:4].[N;+0:5],"[(1, 5), (4, 2), (3, 5)]","{1: 0, 2: 0, 4: 0, 3: 0, 5: 2}"
466,C[SnH]>>Cl-[Sn;+0:1].I-[c;+0:2],[Sn;+0:1]-[c;+0:2]>>Cl-[Sn;+0:1].I-[c;+0:2],"[(2, 1)]","{1: 0, 2: 0}"
467,CN>>C-C(=O)-[N;+0:1]-[C;+0:2],[C;+0:2]-[N;+0:1]>>C-C(=O)-[N;+0:1]-[C;+0:2],[1],"{1: -1, 2: 0}"
468,CN>>C=C1-C-N-C(-O-[C;+0:1])-O-1.[N;+0:2],[C;+0:1]-[N;+0:2]>>C=C1-C-N-C(-O-[C;+0:1])-O-1.[N;+0:2],"[(1, 2)]","{1: 0, 2: 1}"
469,N>>C-C(=O)-[n;+0:1],[n;+0:1]>>C-C(=O)-[n;+0:1],[1],{1: -1}
470,C[SnH]>>Br-[Sn;+0:1].[c;+0:2],[Sn;+0:1]-[c;+0:2]>>Br-[Sn;+0:1].[c;+0:2],"[(2, 1)]","{1: 0, 2: 1}"
471,[NH]:C(:[NH])N>>S=[C;+0:1]=[N;+0:2].[N;+0:3].[N;+0:4],[N;+0:2]-[c;+0:1](:[n;+0:3]):[n;+0:4]>>S=[C;+0:1]=[N;+0:2].[N;+0:3].[N;+0:4],"[(1, 3), (1, 4)]","{1: 0, 2: -1, 3: 1, 4: 2}"
472,CN>>F-C(-F)(-F)-C(=O)-[N;+0:1]-[C@@;+0:2],[C;+0:2]-[N;+0:1]>>F-C(-F)(-F)-C(=O)-[N;+0:1]-[C@@;+0:2],[1],"{1: -1, 2: 0}"
473,CN>>C-S(=O)(=O)-O-[C@@;+0:1].[N;+0:2],[C;+0:1]-[N;+0:2]>>C-S(=O)(=O)-O-[C@@;+0:1].[N;+0:2],"[(1, 2)]","{1: 0, 2: 1}"
474,O>>O-[O;+0:1],[O;+0:1]>>O-[O;+0:1],[1],{1: -1}
475,CNC>>Br-[C;+0:1].[C;+0:2]-[N;+0:3],[C;+0:1]-[N;+0:3]-[C;+0:2]>>Br-[C;+0:1].[C;+0:2]-[N;+0:3],"[(1, 3)]","{1: 0, 3: 1, 2: 0}"
476,[CH2]:C(O):C:C:[NH]>>C-C-O-[C;+0:1](=[O;+0:2])-[C;+0:3]-[C;+0:4]=O.[N;+0:5].[c;+0:6],[O;+0:2]-[c;+0:1](:[c;+0:6]):[c;+0:3]:[c;+0:4]:[n;+0:5]>>C-C-O-[C;+0:1](=[O;+0:2])-[C;+0:3]-[C;+0:4]=O.[N;+0:5].[c;+0:6],"[(1, 6), (4, 5)]","{1: 0, 2: -1, 3: 1, 4: 0, 5: 2, 6: 1}"
477,CC>>F-C(-F)(-F)-S(=O)(=O)-O-[C;+0:1].O-B(-O)-[C;+0:2],[C;+0:1]-[C;+0:2]>>F-C(-F)(-F)-S(=O)(=O)-O-[C;+0:1].O-B(-O)-[C;+0:2],"[(1, 2)]","{1: 0, 2: 0}"
478,CO>>C-C-O-C(=O)-O-[C;+0:1]=[O;+0:2],[C;+0:1]-[O;+0:2]>>C-C-O-C(=O)-O-[C;+0:1]=[O;+0:2],"[(1, 2)]","{1: -2, 2: -1}"
479,CC>>Cl-[C;+0:1].I-[c;+0:2],[C;+0:1]-[c;+0:2]>>Cl-[C;+0:1].I-[c;+0:2],"[(1, 2)]","{1: 0, 2: 0}"
480,CN>>O=C1-[N;+0:1](-[C;+0:2])-C(=O)-c2:c:c:c:c:c:2-1,[C;+0:2]-[N;+0:1]>>O=C1-[N;+0:1](-[C;+0:2])-C(=O)-c2:c:c:c:c:c:2-1,[1],"{1: -2, 2: 0}"
481,CC>>I-[C;+0:1].O-B(-O)-[c;+0:2],[C;+0:1]-[c;+0:2]>>I-[C;+0:1].O-B(-O)-[c;+0:2],"[(1, 2)]","{1: 0, 2: 0}"
482,C1CO1>>C-C(-C)(-C)-O-[O;+0:1].[C;+0:2]=[C;+0:3],[C;+0:2]1-[C;+0:3]-[O;+0:1]-1>>C-C(-C)(-C)-O-[O;+0:1].[C;+0:2]=[C;+0:3],"[(2, 1), (3, 1)]","{1: 1, 2: 0, 3: 0}"
483,CNC>>O-[C;+0:1].[C@;+0:2]-[N;+0:3],[C;+0:1]-[N;+0:3]-[C;+0:2]>>O-[C;+0:1].[C@;+0:2]-[N;+0:3],"[(1, 3)]","{1: 0, 3: 1, 2: 0}"
484,BC>>C-C1(-C)-O-B(-[B;+0:1])-O-C-1(-C)-C.I-[c;+0:2],[B;+0:1]-[c;+0:2]>>C-C1(-C)-O-B(-[B;+0:1])-O-C-1(-C)-C.I-[c;+0:2],"[(1, 2)]","{1: 0, 2: 0}"
485,C[SH]=O>>I-[C;+0:1].[O;+0:2]-[S;+0:3],[C;+0:1]-[S;+0:3]=[O;+0:2]>>I-[C;+0:1].[O;+0:2]-[S;+0:3],"[(1, 3)]","{1: 0, 3: 0, 2: 1}"
486,CCl>>Cl-C(-Cl)(-Cl)-[Cl;+0:1].O-[C@;+0:2],[C;+0:2]-[Cl;+0:1]>>Cl-C(-Cl)(-Cl)-[Cl;+0:1].O-[C@;+0:2],"[(2, 1)]","{1: 0, 2: 0}"
487,OBO>>C-C1(-C)-[C@@H]2-C-[C@@H]3-[O;+0:1]-[B;+0:2]-[O;+0:3]-[C@@]-3(-C)-[C@H]-1-C-2,[O;+0:1]-[B;+0:2]-[O;+0:3]>>C-C1(-C)-[C@@H]2-C-[C@@H]3-[O;+0:1]-[B;+0:2]-[O;+0:3]-[C@@]-3(-C)-[C@H]-1-C-2,"[1, 3]","{1: -1, 2: 0, 3: -1}"
488,C1CC1>>I-[C;+0:1]-I.[C;+0:2]=[C;+0:3],[C;+0:1]1-[C;+0:2]-[C;+0:3]-1>>I-[C;+0:1]-I.[C;+0:2]=[C;+0:3],"[(1, 2), (1, 3)]","{1: 0, 2: 0, 3: 0}"
489,C1CN1>>C-S(=O)(=O)-O-[C;+0:1]-[C@;+0:2]-[N;+0:3],[C;+0:1]1-[C;+0:2]-[N;+0:3]-1>>C-S(=O)(=O)-O-[C;+0:1]-[C@;+0:2]-[N;+0:3],"[(1, 3)]","{1: 0, 2: 0, 3: 1}"
490,O=S>>Cl-c1:c:c:c:c:c:1-C(=O)-O-[O;+0:1].[S;+0:2],[O;+0:1]=[S;+0:2]>>Cl-c1:c:c:c:c:c:1-C(=O)-O-[O;+0:1].[S;+0:2],"[(1, 2)]","{1: 1, 2: 0}"
491,COC>>Cl-[C;+0:1].[C@@;+0:2]-[O;+0:3],[C;+0:1]-[O;+0:3]-[C;+0:2]>>Cl-[C;+0:1].[C@@;+0:2]-[O;+0:3],"[(1, 3)]","{1: 0, 3: 1, 2: 0}"
492,CC>>C-C1(-C)-O-B(-[c;+0:1])-O-C-1(-C)-C.Cl-[C;+0:2],[C;+0:2]-[c;+0:1]>>C-C1(-C)-O-B(-[c;+0:1])-O-C-1(-C)-C.Cl-[C;+0:2],"[(1, 2)]","{1: 0, 2: 0}"
493,S>>C-N(-C)-C(=O)-[S;+0:1],[S;+0:1]>>C-N(-C)-C(=O)-[S;+0:1],[1],{1: -1}
494,S>>Cl-[S;+0:1](=O)=O,[S;+0:1]>>Cl-[S;+0:1](=O)=O,[1],{1: -1}
495,C[CH](N)[CH](C)C>>O=[C;+0:1](-[C;+0:2])-[C;+0:3](-[C;+0:4])-[C;+0:5].[N;+0:6],[C;+0:2]-[C;+0:3](-[N;+0:6])-[C;+0:1](-[C;+0:4])-[C;+0:5]>>O=[C;+0:1](-[C;+0:2])-[C;+0:3](-[C;+0:4])-[C;+0:5].[N;+0:6],"[(1, 4), (1, 5), (3, 6), (2, 3)]","{1: -1, 4: 0, 3: 0, 6: 1, 2: 0, 5: 0}"
496,O=P>>C-C-C-C-C(-Cl)=[O;+0:1].O-c1:c:c:c(-[N+](=O)-[O-]):c:c:1-C-[P;+1:2],[O;+0:1]=[P;+0:2]>>C-C-C-C-C(-Cl)=[O;+0:1].O-c1:c:c:c(-[N+](=O)-[O-]):c:c:1-C-[P;+1:2],"[(1, 2)]","{1: 0, 2: 0}"
497,C>>F-[C@@;+0:1],[C;+0:1]>>F-[C@@;+0:1],[1],{1: -1}
498,CN>>C-S(=O)(=O)-O-[C@@;+0:1].[N;-1:2],[C;+0:1]-[N;+0:2]>>C-S(=O)(=O)-O-[C@@;+0:1].[N;-1:2],"[(1, 2)]","{1: 0, 2: 0}"
499,C=N>>S=[C;+0:1].[N;+0:2],[C;+0:1]=[N;+0:2]>>S=[C;+0:1].[N;+0:2],"[(1, 2)]","{1: 0, 2: 2}"
500,CCCO>>O-[C;+0:1]-[C;+0:2]-[C;+0:3].[O;+0:4],[C;+0:3]-[C;+0:2]-[C;+0:1]-[O;+0:4]>>O-[C;+0:1]-[C;+0:2]-[C;+0:3].[O;+0:4],"[(1, 4)]","{1: 0, 2: 0, 3: 0, 4: 1}"
501,[CH2]:N:C:[NH]>>O=[C;+0:1].[N;+0:2]=[C;+0:3]-[N;+0:4],[c;+0:1]:[n;+0:4]:[c;+0:3]:[n;+0:2]>>O=[C;+0:1].[N;+0:2]=[C;+0:3]-[N;+0:4],"[(1, 4)]","{1: 0, 2: 0, 3: 0, 4: 2}"
502,[CH2]:C:[CH2]>>Br-[c;+0:1].[C;+0:2]=[C;+0:3],[c;+0:1]:[c;+0:2]:[c;+0:3]>>Br-[c;+0:1].[C;+0:2]=[C;+0:3],"[(1, 2)]","{1: 0, 3: 0, 2: 1}"
503,[SiH4]>>Cl-[Si;+0:1],[Si;+0:1]>>Cl-[Si;+0:1],[1],{1: -1}
504,CP=O>>C-[O;+0:1]-[P;+0:2].Cl-[C;+0:3],[O;+0:1]=[P;+0:2]-[C;+0:3]>>C-[O;+0:1]-[P;+0:2].Cl-[C;+0:3],"[(3, 2)]","{1: 0, 2: 0, 3: 0}"
505,CO>>C-S(=O)(=O)-O-[C@;+0:1].[O;-1:2],[C;+0:1]-[O;+0:2]>>C-S(=O)(=O)-O-[C@;+0:1].[O;-1:2],"[(1, 2)]","{1: 0, 2: 0}"
506,CO>>C-[Si](-C)(-C)-[O;+0:1]-[C;+0:2],[C;+0:2]-[O;+0:1]>>C-[Si](-C)(-C)-[O;+0:1]-[C;+0:2],[1],"{1: -1, 2: 0}"
507,CNC>>I-[C;+0:1].I-[C;+0:2].[N;+0:3],[C;+0:1]-[N;+0:3]-[C;+0:2]>>I-[C;+0:1].I-[C;+0:2].[N;+0:3],"[(1, 3), (2, 3)]","{1: 0, 2: 0, 3: 2}"
508,CCC(CC)NCNC[CH]:C:C:[CH]CN1CC[CH](N)C1>>C-C(-C)(-C)-O-C(=O)-[N;+0:1]-[C@;+0:2]1-[C;+0:3]-[N;+0:4](-[C;+0:5]-[c;+0:6]:[c;+0:7]:[c;+0:8]:[c;+0:9]-[C;+0:10]-[N;+0:11]-[C;+0:12]-[N;+0:13]-[C;+0:14](-[C;+0:15]-[C;+0:16])-[C;+0:17]-[C;+0:18])-[C;+0:19]-[C;+0:20]-1,[C;+0:16]-[C;+0:20]-[C;+0:2](-[C;+0:15]-[C;+0:18])-[N;+0:13]-[C;+0:12]-[N;+0:11]-[C;+0:10]-[c;+0:9]:[c;+0:8]:[c;+0:7]:[c;+0:6]-[C;+0:5]-[N;+0:4]1-[C;+0:3]-[C;+0:14](-[N;+0:1])-[C;+0:17]-[C;+0:19]-1>>C-C(-C)(-C)-O-C(=O)-[N;+0:1]-[C@;+0:2]1-[C;+0:3]-[N;+0:4](-[C;+0:5]-[c;+0:6]:[c;+0:7]:[c;+0:8]:[c;+0:9]-[C;+0:10]-[N;+0:11]-[C;+0:12]-[N;+0:13]-[C;+0:14](-[C;+0:15]-[C;+0:16])-[C;+0:17]-[C;+0:18])-[C;+0:19]-[C;+0:20]-1,"[(14, 1), (3, 14), (17, 19), (2, 13), (2, 15), (16, 20), (15, 18)]","{1: -1, 14: 0, 17: 0, 19: 0, 4: 0, 5: 0, 6: 0, 7: 0, 8: 0, 9: 0, 10: 0, 11: 0, 13: 0, 2: 0, 20: 0, 16: 0, 18: 0, 15: 0, 12: 0, 3: 0}"
509,CNC[CH](C)NC[CH]1CC[CH](N[CH]2CCOC[CH]2O)C1>>O=[C;+0:1]1-[C;+0:2]-[C;+0:3]-[O;+0:4]-[C;+0:5]-[C;+0:6]-1-[O;+0:7].[C;+0:8]-[C@@;+0:9](-[C;+0:10]-[N;+0:11]-[C;+0:12]-[C@@;+0:13]1-[C;+0:14]-[C;+0:15]-[C@@;+0:16](-[N;+0:17])-[C;+0:18]-1)-[N;+0:19]-[C;+0:20],[C;+0:8]-[C;+0:6](-[C;+0:10]-[N;+0:11]-[C;+0:20])-[N;+0:19]-[C;+0:12]-[C;+0:13]1-[C;+0:14]-[C;+0:5]-[C;+0:9](-[N;+0:17]-[C;+0:16]2-[C;+0:15]-[C;+0:3]-[O;+0:4]-[C;+0:2]-[C;+0:1]-2-[O;+0:7])-[C;+0:18]-1>>O=[C;+0:1]1-[C;+0:2]-[C;+0:3]-[O;+0:4]-[C;+0:5]-[C;+0:6]-1-[O;+0:7].[C;+0:8]-[C@@;+0:9](-[C;+0:10]-[N;+0:11]-[C;+0:12]-[C@@;+0:13]1-[C;+0:14]-[C;+0:15]-[C@@;+0:16](-[N;+0:17])-[C;+0:18]-1)-[N;+0:19]-[C;+0:20],"[(1, 7), (1, 16), (2, 4), (3, 15), (9, 17), (9, 18), (5, 9), (5, 14), (12, 19), (6, 19), (6, 10), (6, 8), (20, 11)]","{1: -1, 7: 0, 2: 0, 4: 0, 3: 0, 15: 0, 16: 0, 17: 1, 9: 0, 5: 0, 14: 0, 13: 0, 12: 0, 19: 0, 6: 0, 10: 0, 11: 0, 20: 0, 8: 0, 18: 0}"
510,CC>>Br-[Zn]-[c;+0:1].Br-[c;+0:2],[c;+0:1]-[c;+0:2]>>Br-[Zn]-[c;+0:1].Br-[c;+0:2],"[(1, 2)]","{1: 0, 2: 0}"
511,CC>>Cl-[c;+0:1].I-[C;+0:2],[c;+0:1]-[C;+0:2]>>Cl-[c;+0:1].I-[C;+0:2],"[(1, 2)]","{1: 0, 2: 0}"
512,O>>C-C-[Si](-[O;+0:1])(-C-C)-C-C,[O;+0:1]>>C-C-[Si](-[O;+0:1])(-C-C)-C-C,[1],{1: -1}
513,CC>>Br-[C;+0:1].[c;+0:2],[C;+0:1]-[c;+0:2]>>Br-[C;+0:1].[c;+0:2],"[(1, 2)]","{1: 0, 2: 1}"
514,CCNC>>O=[C;+0:1].[C;+0:2]-[C;+0:3]-[N;+0:4],[C;+0:1]-[N;+0:4]-[C;+0:3]-[C;+0:2]>>O=[C;+0:1].[C;+0:2]-[C;+0:3]-[N;+0:4],"[(1, 4)]","{1: -1, 4: 1, 3: 0, 2: 0}"
515,CN>>Cl-[C;+0:1].O=C1-[N;+0:2]-C(=O)-c2:c:c:c:c:c:2-1,[C;+0:1]-[N;+0:2]>>Cl-[C;+0:1].O=C1-[N;+0:2]-C(=O)-c2:c:c:c:c:c:2-1,"[(1, 2)]","{1: 0, 2: -1}"
516,CC>>C-C1(-C)-O-B(-[C;+0:1])-O-C-1(-C)-C.F-C(-F)(-F)-S(=O)(=O)-O-[C;+0:2],[C;+0:2]-[C;+0:1]>>C-C1(-C)-O-B(-[C;+0:1])-O-C-1(-C)-C.F-C(-F)(-F)-S(=O)(=O)-O-[C;+0:2],"[(1, 2)]","{1: 0, 2: 0}"
517,CC>>Cl-[C;+0:1].[C;+0:2]-[Zn+],[C;+0:1]-[C;+0:2]>>Cl-[C;+0:1].[C;+0:2]-[Zn+],"[(1, 2)]","{1: 0, 2: 0}"
518,CC>>Br-[C;+0:1].[Mg+]-[c;+0:2],[C;+0:1]-[c;+0:2]>>Br-[C;+0:1].[Mg+]-[c;+0:2],"[(1, 2)]","{1: 0, 2: 0}"
519,CC>>C-B1-O-B(-C)-O-B(-[C;+0:1])-O-1.I-[c;+0:2],[C;+0:1]-[c;+0:2]>>C-B1-O-B(-C)-O-B(-[C;+0:1])-O-1.I-[c;+0:2],"[(1, 2)]","{1: 0, 2: 0}"
520,CC>>Br-[c;+0:1].[c;+0:2]-B1-O-C-C-O-1,[c;+0:1]-[c;+0:2]>>Br-[c;+0:1].[c;+0:2]-B1-O-C-C-O-1,"[(1, 2)]","{1: 0, 2: 0}"
521,CC>>Br-[c;+0:1].C-C-[Si](-[C;+0:2])(-C-C)-C-C,[C;+0:2]-[c;+0:1]>>Br-[c;+0:1].C-C-[Si](-[C;+0:2])(-C-C)-C-C,"[(1, 2)]","{1: 0, 2: 0}"
522,O=[NH+][O-]>>[N;+0:1].[O;+0:2]-[O;+0:3],[O;+0:2]=[N;+1:1]-[O;-1:3]>>[N;+0:1].[O;+0:2]-[O;+0:3],"[(1, 2), (1, 3)]","{1: 2, 2: 1, 3: 1}"
523,[CH2]:N:C:[NH]>>C-O-[C;+0:1].[N;+0:2].O=[C;+0:3]-[N;+0:4],[c;+0:1]:[n;+0:4]:[c;+0:3]:[n;+0:2]>>C-O-[C;+0:1].[N;+0:2].O=[C;+0:3]-[N;+0:4],"[(1, 4), (3, 2)]","{1: 0, 2: 2, 3: 0, 4: 1}"
524,CCO>>[C@;+0:1]-[C;+0:2]=[O;+0:3],[C;+0:1]-[C;+0:2]-[O;+0:3]>>[C@;+0:1]-[C;+0:2]=[O;+0:3],"[(2, 3)]","{1: 0, 2: -1, 3: -1}"
525,[CH2]:N:C:[NH]>>O=[C;+0:1].[N;+0:2]\[C;+0:3]=[N;+0:4],[c;+0:1]:[n;+0:2]:[c;+0:3]:[n;+0:4]>>O=[C;+0:1].[N;+0:2]\[C;+0:3]=[N;+0:4],"[(1, 2)]","{1: 0, 4: 0, 3: 0, 2: 2}"
526,CNS>>Cl-[S;+0:1].[C@@;+0:2]-[N;+0:3],[S;+0:1]-[N;+0:3]-[C;+0:2]>>Cl-[S;+0:1].[C@@;+0:2]-[N;+0:3],"[(3, 1)]","{1: 0, 3: 1, 2: 0}"
527,CNC>>Cl-[c;+0:1].[C@@;+0:2]-[N;+0:3],[c;+0:1]-[N;+0:3]-[C;+0:2]>>Cl-[c;+0:1].[C@@;+0:2]-[N;+0:3],"[(1, 3)]","{1: 0, 3: 1, 2: 0}"
528,C=C[CH]:[CH]C>>O=[c;+0:1]:[c;+0:2]:[c;+0:3]:[c;+0:4]:[c;+0:5],[C;+0:1]-[c;+0:2]:[c;+0:3]-[C;+0:4]=[C;+0:5]>>O=[c;+0:1]:[c;+0:2]:[c;+0:3]:[c;+0:4]:[c;+0:5],"[(1, 2), (4, 5)]","{1: -2, 2: 0, 3: 0, 4: 0, 5: 0}"
529,CN>>O=C(-O-[C;+0:1])-c1:c:c:c:c:c:1.[N;+0:2],[C;+0:1]-[N;+0:2]>>O=C(-O-[C;+0:1])-c1:c:c:c:c:c:1.[N;+0:2],"[(1, 2)]","{1: 0, 2: 1}"
530,CCO>>Br-[Mg]-[c;+0:1].[C;+0:2]=[O;+0:3],[c;+0:1]-[C;+0:2]-[O;+0:3]>>Br-[Mg]-[c;+0:1].[C;+0:2]=[O;+0:3],"[(1, 2)]","{1: 0, 2: 0, 3: -1}"
531,C=NS>>O=[C;+0:1].[N;+0:2]-[S@@;+0:3],[C;+0:1]=[N;+0:2]-[S;+0:3]>>O=[C;+0:1].[N;+0:2]-[S@@;+0:3],"[(1, 2)]","{1: 0, 2: 2, 3: 0}"
532,C=C1CCC=C1C(=N)C=N>>[c;+0:1]:[c;+0:2]1:[c;+0:3]:[c;+0:4]:[c;+0:5]:[c;+0:6]:1:[c;+0:7](:[n;+0:8]):[c;+0:9]:[n;+0:10],[C;+0:1]=[C;+0:2]1-[C;+0:3]-[C;+0:4]-[C;+0:5]=[C;+0:6]-1-[C;+0:7](=[N;+0:8])-[C;+0:9]=[N;+0:10]>>[c;+0:1]:[c;+0:2]1:[c;+0:3]:[c;+0:4]:[c;+0:5]:[c;+0:6]:1:[c;+0:7](:[n;+0:8]):[c;+0:9]:[n;+0:10],"[(1, 2)]","{1: 0, 2: 0, 3: -1, 4: -1, 5: 0, 6: 0, 7: 0, 8: 0, 9: 0, 10: 0}"
533,CO>>[O;+0:1]=[C;+0:2]-O-C-c1:c:c:c:c:c:1,[O;+0:1]-[C;+0:2]>>[O;+0:1]=[C;+0:2]-O-C-c1:c:c:c:c:c:1,"[(2, 1)]","{2: -2, 1: -1}"
534,OS>>F-[S;+0:1].[O;+0:2],[S;+0:1]-[O;+0:2]>>F-[S;+0:1].[O;+0:2],"[(2, 1)]","{1: 0, 2: 1}"
535,CO>>F-[C;+0:1].[O;+0:2],[C;+0:1]-[O;+0:2]>>F-[C;+0:1].[O;+0:2],"[(1, 2)]","{1: 0, 2: 1}"
536,CCC>>Br-[C;+0:1].Cl-[C;+0:2]-[C;+0:3],[C;+0:1]-[C;+0:2]-[C;+0:3]>>Br-[C;+0:1].Cl-[C;+0:2]-[C;+0:3],"[(1, 2)]","{1: 0, 2: 0, 3: 0}"
537,CNCN>>[C;+0:1]=[N;+0:2].[C@;+0:3]-[N;+0:4],[N;+0:2]-[C;+0:1]-[N;+0:4]-[C;+0:3]>>[C;+0:1]=[N;+0:2].[C@;+0:3]-[N;+0:4],"[(1, 4)]","{2: -1, 1: 0, 4: 1, 3: 0}"
538,CNS>>Cl-[S;+0:1].[C;+0:2]-[N;+0:3],[S;+0:1]-[N;+0:3]-[C;+0:2]>>Cl-[S;+0:1].[C;+0:2]-[N;+0:3],"[(3, 1)]","{1: 0, 3: 1, 2: 0}"
539,CNC>>I-[C;+0:1].[C@@;+0:2]-[N;+0:3],[C;+0:1]-[N;+0:3]-[C;+0:2]>>I-[C;+0:1].[C@@;+0:2]-[N;+0:3],"[(1, 3)]","{1: 0, 3: 1, 2: 0}"
540,CN>>O=C(-[N;+0:1])-[c;+0:2],[N;+0:1]-[c;+0:2]>>O=C(-[N;+0:1])-[c;+0:2],"[(2, 1)]","{2: 0, 1: 0}"
541,CN>>F-C(-F)-C(=O)-O-[C;+0:1].[N;+0:2],[C;+0:1]-[N;+0:2]>>F-C(-F)-C(=O)-O-[C;+0:1].[N;+0:2],"[(1, 2)]","{1: 0, 2: 1}"
542,CN>>[c;+0:1]:[n;+0:2],[C;+0:1]-[N;+0:2]>>[c;+0:1]:[n;+0:2],"[(1, 2)]","{1: -1, 2: -1}"
543,CC[CH]1CC[CH](C)C[CH]1NC>>Cl-[C;+0:1].[C;+0:2]-[C;+0:3](-[C;+0:4])-[C;+0:5]1-[C;+0:6]-[C;+0:7]-[C;+0:8]-[C;+0:9]-[C;+0:10]-1-[N;+0:11],[C;+0:2]-[C;+0:8]-[C;+0:10]1-[C;+0:7]-[C;+0:9]-[C;+0:5](-[C;+0:4])-[C;+0:6]-[C;+0:3]-1-[N;+0:11]-[C;+0:1]>>Cl-[C;+0:1].[C;+0:2]-[C;+0:3](-[C;+0:4])-[C;+0:5]1-[C;+0:6]-[C;+0:7]-[C;+0:8]-[C;+0:9]-[C;+0:10]-1-[N;+0:11],"[(1, 11), (3, 11), (3, 10), (3, 6), (4, 5), (5, 9), (7, 9), (7, 10), (8, 10), (2, 8)]","{1: 0, 11: 1, 3: 0, 6: 0, 5: 0, 4: 0, 9: 0, 7: 0, 10: 0, 8: 0, 2: 0}"
544,CC>>Br-[c;+0:1].C-C(-C)-O-B(-[c;+0:2])-O-C(-C)-C,[c;+0:1]-[c;+0:2]>>Br-[c;+0:1].C-C(-C)-O-B(-[c;+0:2])-O-C(-C)-C,"[(1, 2)]","{1: 0, 2: 0}"
545,C>>F-[C;+0:1],[C;+0:1]>>F-[C;+0:1],[1],{1: -1}
546,C=CCC>>O=[C;+0:1]-[C;+0:2]-[C;+0:3].[C;+0:4]-[P+](-c1:c:c:c:c:c:1)(-c1:c:c:c:c:c:1)-c1:c:c:c:c:c:1,[C;+0:4]=[C;+0:1]/[C;+0:2]-[C;+0:3]>>O=[C;+0:1]-[C;+0:2]-[C;+0:3].[C;+0:4]-[P+](-c1:c:c:c:c:c:1)(-c1:c:c:c:c:c:1)-c1:c:c:c:c:c:1,"[(1, 4)]","{1: 0, 2: 0, 3: 0, 4: 1}"
547,CNC>>Cl-[C;+0:1].[C@;+0:2]-[N;+0:3],[C;+0:1]-[N;+0:3]-[C;+0:2]>>Cl-[C;+0:1].[C@;+0:2]-[N;+0:3],"[(1, 3)]","{1: 0, 3: 1, 2: 0}"
548,C>>Br-[C@;+0:1],[C;+0:1]>>Br-[C@;+0:1],[1],{1: -1}
549,C=O>>C-C-C-C-O-[C;+0:1]-[O;+0:2]-C-C-C-C,[C;+0:1]=[O;+0:2]>>C-C-C-C-O-[C;+0:1]-[O;+0:2]-C-C-C-C,"[(1, 2)]","{2: 0, 1: 0}"
550,OCCO>>O-[C;+0:1]-[C;+0:2]-O.[O;+0:3].[O;+0:4],[O;+0:3]-[C;+0:1]-[C;+0:2]-[O;+0:4]>>O-[C;+0:1]-[C;+0:2]-O.[O;+0:3].[O;+0:4],"[(1, 3), (2, 4)]","{1: 0, 2: 0, 4: 1, 3: 1}"
551,[CH2]:N:N:[CH2]>>Br-[c;+0:1].[C;+0:2]=[N;+0:3]-[N;+0:4],[c;+0:1]:[n;+0:4]:[n;+0:3]:[c;+0:2]>>Br-[c;+0:1].[C;+0:2]=[N;+0:3]-[N;+0:4],"[(1, 4)]","{1: 0, 2: 0, 3: 0, 4: 1}"
552,C=CCN>>[c;+0:1]:[c;+0:2]:[c;+0:3]:[n;+0:4],[C;+0:1]=[C;+0:2]-[C;+0:3]-[N;+0:4]>>[c;+0:1]:[c;+0:2]:[c;+0:3]:[n;+0:4],"[(3, 4)]","{4: -1, 3: -1, 2: 0, 1: 0}"
553,[CH2]:C:N:[CH2]>>C-C-O-[C;+0:1].[C;+0:2]=[C;+0:3]-[N;+0:4],[c;+0:1]:[n;+0:4]:[c;+0:3]:[c;+0:2]>>C-C-O-[C;+0:1].[C;+0:2]=[C;+0:3]-[N;+0:4],"[(1, 4)]","{1: 0, 2: 0, 3: 0, 4: 1}"
554,CN>>O=C(-O-C-C1-c2:c:c:c:c:c:2-c2:c:c:c:c:c:2-1)-[N;+0:1]-[C;+0:2],[C;+0:2]-[N;+0:1]>>O=C(-O-C-C1-c2:c:c:c:c:c:2-c2:c:c:c:c:c:2-1)-[N;+0:1]-[C;+0:2],[1],"{1: -1, 2: 0}"
555,[CH2]:[CH2]>>O=[C;+0:1].[C;+0:2],[c;+0:1]:[c;+0:2]>>O=[C;+0:1].[C;+0:2],"[(1, 2)]","{1: 0, 2: 2}"
556,[CH2]:[NH]>>Br-[c;+0:1].[N;+0:2],[c;+0:1]:[n;+0:2]>>Br-[c;+0:1].[N;+0:2],"[(1, 2)]","{1: 0, 2: 1}"
557,[CH2]:N:N:[CH2]>>Cl-[c;+0:1].O=[C;+0:2].[N;+0:3]-[N;+0:4],[c;+0:1]:[n;+0:3]:[n;+0:4]:[c;+0:2]>>Cl-[c;+0:1].O=[C;+0:2].[N;+0:3]-[N;+0:4],"[(2, 4), (1, 3)]","{2: 0, 1: 0, 3: 1, 4: 2}"
558,C[CH]:[CH]O>>[C;+0:1]-[O;+0:2]-[c;+0:3]:[c;+0:4],[C;+0:1]-[c;+0:4]:[c;+0:3]-[O;+0:2]>>[C;+0:1]-[O;+0:2]-[c;+0:3]:[c;+0:4],"[2, (1, 4)]","{4: 1, 1: 0, 3: 0, 2: -1}"
559,CC=O>>[C@@;+0:1]-[C@@;+0:2]-[O;+0:3],[C;+0:1]-[C;+0:2]=[O;+0:3]>>[C@@;+0:1]-[C@@;+0:2]-[O;+0:3],"[(2, 3)]","{1: 0, 2: 1, 3: 1}"
560,CC>>C-C1(-C)-C-O-B(-[c;+0:1])-O-C-1.Cl-[c;+0:2],[c;+0:2]-[c;+0:1]>>C-C1(-C)-C-O-B(-[c;+0:1])-O-C-1.Cl-[c;+0:2],"[(1, 2)]","{1: 0, 2: 0}"
561,C=C>>Br-[C;+0:1]-Br.O=[C;+0:2],[C;+0:1]=[C;+0:2]>>Br-[C;+0:1]-Br.O=[C;+0:2],"[(1, 2)]","{1: 0, 2: 0}"
562,[CH2]:C:C:C:[NH]>>O-[C;+0:1]-[C;+0:2](-O)-[C;+0:3]-O.[N;+0:4].[c;+0:5],[c;+0:5]:[c;+0:1]:[c;+0:2]:[c;+0:3]:[n;+0:4]>>O-[C;+0:1]-[C;+0:2](-O)-[C;+0:3]-O.[N;+0:4].[c;+0:5],"[(1, 5), (3, 4)]","{1: 1, 2: 0, 3: 1, 4: 2, 5: 1}"
563,C=CCO>>[O;+0:1]=[c;+0:2]:[c;+0:3]:[c;+0:4],[O;+0:1]-[C;+0:2]-[C;+0:3]=[C;+0:4]>>[O;+0:1]=[c;+0:2]:[c;+0:3]:[c;+0:4],"[(2, 1)]","{2: -1, 1: -1, 3: 0, 4: 0}"
564,CCNCC>>O-[C;+0:1]-[C@;+0:2].[C;+0:3]-[C;+0:4]-[N;+0:5],[C;+0:2]-[C;+0:1]-[N;+0:5]-[C;+0:4]-[C;+0:3]>>O-[C;+0:1]-[C@;+0:2].[C;+0:3]-[C;+0:4]-[N;+0:5],"[(1, 5)]","{1: 0, 2: 0, 5: 1, 4: 0, 3: 0}"
565,CO>>I-[C;+0:1].[O;-1:2],[C;+0:1]-[O;+0:2]>>I-[C;+0:1].[O;-1:2],"[(1, 2)]","{1: 0, 2: 0}"
566,C1CCNCC1>>[c;+0:1]1:[c;+0:2]:[n;+0:3]:[c;+0:4]:[c;+0:5]:[c;+0:6]:1,[C;+0:1]1-[C;+0:2]-[N;+0:3]-[C;+0:4]-[C;+0:5]-[C;+0:6]-1>>[c;+0:1]1:[c;+0:2]:[n;+0:3]:[c;+0:4]:[c;+0:5]:[c;+0:6]:1,"[(2, 3)]","{2: -1, 3: -1, 4: -1, 5: -1, 6: -1, 1: -1}"
567,CCNC>>Cl-[C;+0:1].[C;+0:2]-[C;+0:3]-[N;+0:4],[C;+0:1]-[N;+0:4]-[C;+0:3]-[C;+0:2]>>Cl-[C;+0:1].[C;+0:2]-[C;+0:3]-[N;+0:4],"[(1, 4)]","{1: 0, 4: 1, 3: 0, 2: 0}"
568,CC>>I-[C;+0:1].[C;+0:2]-[Mg+],[C;+0:1]-[C;+0:2]>>I-[C;+0:1].[C;+0:2]-[Mg+],"[(1, 2)]","{1: 0, 2: 0}"
569,CCO>>Br-[C@@;+0:1]-[C@@;+0:2].[O;+0:3],[C;+0:2]-[C;+0:1]-[O;+0:3]>>Br-[C@@;+0:1]-[C@@;+0:2].[O;+0:3],"[(1, 3)]","{1: 0, 3: 1, 2: 0}"
570,CN>>C-C-C-C-C(=O)-O-[C;+0:1].[N;+0:2],[C;+0:1]-[N;+0:2]>>C-C-C-C-C(=O)-O-[C;+0:1].[N;+0:2],"[(1, 2)]","{1: 0, 2: 1}"
571,[c;+0:4]1:[n;+0:1]:[n;+0:2]:[n;+0:3]:[n;+0:5]:1>>C-[Sn](-C)(-C)-[N;+0:1]=[N;+1:2]=[N;-1:3].[C;+0:4]#[N;+0:5],[c;+0:4]1:[n;+0:1]:[n;+0:2]:[n;+0:3]:[n;+0:5]:1>>C-[Sn](-C)(-C)-[N;+0:1]=[N;+1:2]=[N;-1:3].[C;+0:4]#[N;+0:5],"[(4, 1), (3, 5)]","{1: -1, 2: 0, 3: 0, 5: 0, 4: 0}"
572,CC>>Br-[C;+0:1].Cl-[c;+0:2],[C;+0:1]-[c;+0:2]>>Br-[C;+0:1].Cl-[c;+0:2],"[(1, 2)]","{1: 0, 2: 0}"
573,C>>I-[C;+0:1],[C;+0:1]>>I-[C;+0:1],[1],{1: -1}
574,[CH2]:[NH]>>C-C-O-[C;+0:1].[N;+0:2],[c;+0:1]:[n;+0:2]>>C-C-O-[C;+0:1].[N;+0:2],"[(1, 2)]","{1: 0, 2: 1}"
575,CC>>O=[C;+0:1]-[C@;+0:2],[C;+0:1]-[C;+0:2]>>O=[C;+0:1]-[C@;+0:2],[1],"{1: -2, 2: 0}"
576,[CH2]:N:C:[NH]>>O=[C;+0:1].[N;+0:2]-[C;+0:3]=[N;+0:4],[c;+0:1]:[n;+0:2]:[c;+0:3]:[n;+0:4]>>O=[C;+0:1].[N;+0:2]-[C;+0:3]=[N;+0:4],"[(1, 2)]","{1: 0, 4: 0, 3: 0, 2: 2}"
577,[c;+0:1]1-[c;+0:2]:[C;+0:3]:[n;+0:6]:[n;+0:5]:[n;+0:4]:1>>[C;+0:1]#[C;+0:2]-[C;+0:3].[N;+0:4]=[N;+1:5]=[N;-1:6],[c;+0:1]1-[c;+0:2]:[C;+0:3]:[n;+0:6]:[n;+0:5]:[n;+0:4]:1>>[C;+0:1]#[C;+0:2]-[C;+0:3].[N;+0:4]=[N;+1:5]=[N;-1:6],"[(1, 4), (2, 6)]","{1: 0, 2: 0, 3: 0, 6: 0, 5: 0, 4: 0}"
578,[CH2]:N:C:[NH]>>C-C-O-[C;+0:1].[N;+0:2].O=[C;+0:3]-[N;+0:4],[c;+0:1]:[n;+0:4]:[c;+0:3]:[n;+0:2]>>C-C-O-[C;+0:1].[N;+0:2].O=[C;+0:3]-[N;+0:4],"[(1, 4), (3, 2)]","{1: 0, 2: 2, 3: 0, 4: 1}"
579,CNC>>C-C(-C)(-C)-O-C(=O)-O-[C;+0:1].[C;+0:2]-[N;+0:3],[C;+0:1]-[N;+0:3]-[C;+0:2]>>C-C(-C)(-C)-O-C(=O)-O-[C;+0:1].[C;+0:2]-[N;+0:3],"[(1, 3)]","{1: 0, 3: 1, 2: 0}"
580,CC=O>>[C@;+0:1]-[C@@;+0:2]-[O;+0:3],[C;+0:1]-[C;+0:2]=[O;+0:3]>>[C@;+0:1]-[C@@;+0:2]-[O;+0:3],"[(2, 3)]","{1: 0, 2: 1, 3: 1}"
581,CC>>Br-[C;+0:1].C-N(-C)-[C;+0:2],[C;+0:1]-[C;+0:2]>>Br-[C;+0:1].C-N(-C)-[C;+0:2],"[(1, 2)]","{1: 0, 2: 0}"
582,C>>O=[c;+0:1],[C;+0:1]>>O=[c;+0:1],[1],{1: -2}
583,[CH2]:C:C:C(:[NH])O>>C-C-O-[C;+0:1](=[O;+0:2])-[C;+0:3]-[C;+0:4]=O.[N;+0:5].[c;+0:6],[O;+0:2]-[c;+0:1](:[n;+0:5]):[c;+0:3]:[c;+0:4]:[c;+0:6]>>C-C-O-[C;+0:1](=[O;+0:2])-[C;+0:3]-[C;+0:4]=O.[N;+0:5].[c;+0:6],"[(1, 5), (4, 6)]","{1: 0, 2: -1, 3: 1, 4: 0, 6: 1, 5: 2}"
584,C=CC>>O=[C;+0:1]-[C@@;+0:2].[C;+0:3]-[P+](-c1:c:c:c:c:c:1)(-c1:c:c:c:c:c:1)-c1:c:c:c:c:c:1,[C;+0:3]=[C;+0:1]\[C;+0:2]>>O=[C;+0:1]-[C@@;+0:2].[C;+0:3]-[P+](-c1:c:c:c:c:c:1)(-c1:c:c:c:c:c:1)-c1:c:c:c:c:c:1,"[(1, 3)]","{1: 0, 2: 0, 3: 1}"
585,CC>>C-[Sn](-C)(-C)-[c;+0:1].Cl-[C;+0:2],[C;+0:2]-[c;+0:1]>>C-[Sn](-C)(-C)-[c;+0:1].Cl-[C;+0:2],"[(1, 2)]","{1: 0, 2: 0}"
586,C=NNC>>Cl-[C;+0:1].O=[C;+0:2].[N;+0:3]-[N;+0:4],[C;+0:1]-[N;+0:3]-[N;+0:4]=[C;+0:2]>>Cl-[C;+0:1].O=[C;+0:2].[N;+0:3]-[N;+0:4],"[(2, 4), (1, 3)]","{2: 0, 4: 2, 3: 1, 1: 0}"
587,BC>>C-C1(-C)-O-B(-[B;+0:1])-O-C-1(-C)-C.Cl-[c;+0:2],[B;+0:1]-[c;+0:2]>>C-C1(-C)-O-B(-[B;+0:1])-O-C-1(-C)-C.Cl-[c;+0:2],"[(1, 2)]","{1: 0, 2: 0}"
588,O>>O-C-C(=O)-N1-C-C-C(-C(=O)-[O;+0:1])-C-C-1,[O;+0:1]>>O-C-C(=O)-N1-C-C-C(-C(=O)-[O;+0:1])-C-C-1,[1],{1: -1}
589,C=O>>C-C1(-C)-C-O-[C;+0:1]-[O;+0:2]-C-1,[C;+0:1]=[O;+0:2]>>C-C1(-C)-C-O-[C;+0:1]-[O;+0:2]-C-1,"[(1, 2)]","{2: 0, 1: 0}"
590,[NH3+][O-]>>Cl-c1:c:c:c:c(-C(=O)-O-[O;+0:1]):c:1.[N;+0:2],[N;+1:2]-[O;-1:1]>>Cl-c1:c:c:c:c(-C(=O)-O-[O;+0:1]):c:1.[N;+0:2],"[(2, 1)]","{1: 1, 2: 0}"
591,CNC>>C-C(-C)(-C)-O-C(=O)-[N;+0:1](-[C@;+0:2])-[C@@;+0:3],[C;+0:2]-[N;+0:1]-[C;+0:3]>>C-C(-C)(-C)-O-C(=O)-[N;+0:1](-[C@;+0:2])-[C@@;+0:3],[1],"{1: -1, 2: 0, 3: 0}"
592,C[SH]=O>>F-[c;+0:1].[O;-1:2]-[S;+0:3],[c;+0:1]-[S;+0:3]=[O;+0:2]>>F-[c;+0:1].[O;-1:2]-[S;+0:3],"[(1, 3)]","{1: 0, 3: 0, 2: 0}"
593,CCNC>>C-C(-C)(-C)-O-C(=O)-O-[C;+0:1].[C;+0:2]-[C;+0:3]-[N;+0:4],[C;+0:1]-[N;+0:4]-[C;+0:3]-[C;+0:2]>>C-C(-C)(-C)-O-C(=O)-O-[C;+0:1].[C;+0:2]-[C;+0:3]-[N;+0:4],"[(1, 4)]","{1: 0, 4: 1, 3: 0, 2: 0}"
594,CP=O>>Br-[C;+0:1].C-C(-C)-[O;+0:2]-[P;+0:3],[C;+0:1]-[P;+0:3]=[O;+0:2]>>Br-[C;+0:1].C-C(-C)-[O;+0:2]-[P;+0:3],"[(1, 3)]","{1: 0, 3: 0, 2: 0}"
595,C>>C=C-C-O-C(=O)-[C;+0:1],[C;+0:1]>>C=C-C-O-C(=O)-[C;+0:1],[1],{1: -1}
596,C1CCNCC1>>[c;+0:1]1:[c;+0:2]:[c;+0:3]:[c;+0:4]:[n;+0:5]:[c;+0:6]:1,[C;+0:1]1-[C;+0:2]-[C;+0:3]-[C;+0:4]-[N;+0:5]-[C;+0:6]-1>>[c;+0:1]1:[c;+0:2]:[c;+0:3]:[c;+0:4]:[n;+0:5]:[c;+0:6]:1,"[(2, 3)]","{2: -1, 3: -1, 4: -1, 5: -1, 6: -1, 1: -1}"
597,C=C[SnH]>>[C;+0:1]#[C;+0:2].[Sn;+0:3],[C;+0:1]=[C;+0:2]-[Sn;+0:3]>>[C;+0:1]#[C;+0:2].[Sn;+0:3],"[(2, 3)]","{3: 1, 2: 0, 1: -1}"
598,[CH2]:C:C:C:[C]=O>>[C;+0:1]=[C;+0:2]-[c;+0:3]:[c;+0:4]-[C;+0:5]-[O;+0:6],[c;+0:1]:[c;+0:2]:[c;+0:3]:[c;+0:4]:[c;+0:5]=[O;+0:6]>>[C;+0:1]=[C;+0:2]-[c;+0:3]:[c;+0:4]-[C;+0:5]-[O;+0:6],"[(5, 6), (1, 2)]","{6: 1, 5: 1, 4: 0, 3: 0, 2: 0, 1: 0}"
599,CCNC>>O=[C;+0:1].[C@@;+0:2]-[N;+0:3].[c;+0:4],[C;+0:2]-[N;+0:3]-[C;+0:1]-[c;+0:4]>>O=[C;+0:1].[C@@;+0:2]-[N;+0:3].[c;+0:4],"[(1, 3), (1, 4)]","{1: 0, 3: 1, 2: 0, 4: 1}"
600,N>>N-[N;+0:1],[N;+0:1]>>N-[N;+0:1],[1],{1: -1}
601,O>>C-O-c1:c:c:c2:c:c(-[C@@H](-C)-C(=O)-[O;+0:1]):c:c:c:2:c:1,[O;+0:1]>>C-O-c1:c:c:c2:c:c(-[C@@H](-C)-C(=O)-[O;+0:1]):c:c:c:2:c:1,[1],{1: -1}
602,C=CC>>O=[C;+0:1]-[C;+0:2].[C;+0:3]=P(-c1:c:c:c:c:c:1)(-c1:c:c:c:c:c:1)-c1:c:c:c:c:c:1,[C;+0:3]=[C;+0:1]-[C;+0:2]>>O=[C;+0:1]-[C;+0:2].[C;+0:3]=P(-c1:c:c:c:c:c:1)(-c1:c:c:c:c:c:1)-c1:c:c:c:c:c:1,"[(1, 3)]","{1: 0, 2: 0, 3: 0}"
603,CN>>C-C-C-C-O-[C;+0:1].[N;+0:2],[C;+0:1]-[N;+0:2]>>C-C-C-C-O-[C;+0:1].[N;+0:2],"[(1, 2)]","{1: 0, 2: 1}"
604,O>>C-C(-C)(-C)-C(=O)-[O;+0:1],[O;+0:1]>>C-C(-C)(-C)-C(=O)-[O;+0:1],[1],{1: -1}
605,C[SnH]>>Br-[c;+0:1].C-[Sn](-C)(-C)-[Sn;+0:2],[Sn;+0:2]-[c;+0:1]>>Br-[c;+0:1].C-[Sn](-C)(-C)-[Sn;+0:2],"[(1, 2)]","{1: 0, 2: 0}"
606,CN>>F-[C;+0:1].[N;-1:2],[C;+0:1]-[N;+0:2]>>F-[C;+0:1].[N;-1:2],"[(1, 2)]","{1: 0, 2: 0}"
607,CC>>Br-[C;+0:1].C-O-N(-C)-[C;+0:2],[C;+0:1]-[C;+0:2]>>Br-[C;+0:1].C-O-N(-C)-[C;+0:2],"[(1, 2)]","{1: 0, 2: 0}"
608,c1cnsc1>>[N;+0:1]-[C;+0:2]=[C;+0:3]-[C;+0:4]=[S;+0:5],[n;+0:1]1:[c;+0:2]:[c;+0:3]:[c;+0:4]:[s;+0:5]:1>>[N;+0:1]-[C;+0:2]=[C;+0:3]-[C;+0:4]=[S;+0:5],"[(1, 5)]","{2: 0, 1: 2, 5: 0, 4: 0, 3: 0}"
609,CN>>C-C-O-[C;+0:1].[n;+0:2],[C;+0:1]-[n;+0:2]>>C-C-O-[C;+0:1].[n;+0:2],"[(1, 2)]","{1: 0, 2: 1}"
610,CCN>>[C@;+0:1]-[C;+0:2]-[O-].[N;+0:3],[C;+0:1]-[C;+0:2]-[N;+0:3]>>[C@;+0:1]-[C;+0:2]-[O-].[N;+0:3],"[(2, 3)]","{3: 1, 2: 0, 1: 0}"
611,CN>>Cl-[C@@;+0:1].[n;+0:2],[C;+0:1]-[n;+0:2]>>Cl-[C@@;+0:1].[n;+0:2],"[(1, 2)]","{1: 0, 2: 1}"
612,CO>>C-C(=O)-[O;+0:1]-[C;+0:2],[C;+0:2]-[O;+0:1]>>C-C(=O)-[O;+0:1]-[C;+0:2],[1],"{1: -1, 2: 0}"
613,CO>>C-C(-C)(-C)-[Si](-C)(-C)-[O;+0:1]-[C@@;+0:2],[C;+0:2]-[O;+0:1]>>C-C(-C)(-C)-[Si](-C)(-C)-[O;+0:1]-[C@@;+0:2],[1],"{1: -1, 2: 0}"
614,BC>>C-C1(-C)-O-B(-[B;+0:1])-O-C-1(-C)-C.F-C(-F)(-F)-S(=O)(=O)-O-[c;+0:2],[B;+0:1]-[c;+0:2]>>C-C1(-C)-O-B(-[B;+0:1])-O-C-1(-C)-C.F-C(-F)(-F)-S(=O)(=O)-O-[c;+0:2],"[(1, 2)]","{1: 0, 2: 0}"
615,C[SnH]>>Br-[c;+0:1].C-C-C-C-[Sn](-[Sn;+0:2])(-C-C-C-C)-C-C-C-C,[Sn;+0:2]-[c;+0:1]>>Br-[c;+0:1].C-C-C-C-[Sn](-[Sn;+0:2])(-C-C-C-C)-C-C-C-C,"[(1, 2)]","{1: 0, 2: 0}"
616,CCOC>>Br-[C;+0:1].[C;+0:2]-[C;+0:3]-[O;+0:4],[C;+0:1]-[O;+0:4]-[C;+0:3]-[C;+0:2]>>Br-[C;+0:1].[C;+0:2]-[C;+0:3]-[O;+0:4],"[(1, 4)]","{1: 0, 4: 1, 3: 0, 2: 0}"
617,C[CH](O)[CH](C)N>>O=[C;+0:1](-[C;+0:2])-[C;+0:3](-[C;+0:4])-[O;+0:5].[N;+0:6],[C;+0:4]-[C;+0:1](-[O;+0:5])-[C;+0:3](-[C;+0:2])-[N;+0:6]>>O=[C;+0:1](-[C;+0:2])-[C;+0:3](-[C;+0:4])-[O;+0:5].[N;+0:6],"[(1, 4), (1, 5), (3, 6), (2, 3)]","{1: -1, 4: 0, 3: 0, 6: 1, 2: 0, 5: 0}"
618,CC>>C-C(-C)-O-B(-[c;+0:1])-O-C(-C)-C.I-[c;+0:2],[c;+0:2]-[c;+0:1]>>C-C(-C)-O-B(-[c;+0:1])-O-C(-C)-C.I-[c;+0:2],"[(1, 2)]","{1: 0, 2: 0}"
619,CN>>C-C(=C)-C(=O)-O-[C;+0:1].[N;+0:2],[C;+0:1]-[N;+0:2]>>C-C(=C)-C(=O)-O-[C;+0:1].[N;+0:2],"[(1, 2)]","{1: 0, 2: 1}"
620,CO>>C-S(=O)(=O)-O-[C@;+0:1].[O;+0:2],[C;+0:1]-[O;+0:2]>>C-S(=O)(=O)-O-[C@;+0:1].[O;+0:2],"[(1, 2)]","{1: 0, 2: 1}"
621,C1=CCCCC1>>[C;+0:1]=[C;+0:2].[C;+0:3]=[C;+0:4]/[C;+0:5]=[C;+0:6],[C;+0:1]1-[C;+0:2]=[C;+0:3]-[C;+0:4]-[C;+0:5]-[C;+0:6]-1>>[C;+0:1]=[C;+0:2].[C;+0:3]=[C;+0:4]/[C;+0:5]=[C;+0:6],"[(2, 3), (1, 6)]","{3: 0, 4: 0, 5: 0, 6: 0, 1: 0, 2: 0}"
622,Br>>C-C(=O)-[Br;+0:1],[Br;+0:1]>>C-C(=O)-[Br;+0:1],[1],{1: -1}
623,[CH2]:N:[O]>>C-C(=O)-O/[N;+0:1]=[C;+0:2].[O;+0:3],[c;+0:2]:[n;+0:1]:[o;+0:3]>>C-C(=O)-O/[N;+0:1]=[C;+0:2].[O;+0:3],"[(1, 3)]","{1: 0, 2: 0, 3: 1}"
624,C=O>>Br-[C;+0:1].C-[N+](-C)(-C)-[O;-1:2],[C;+0:1]=[O;+0:2]>>Br-[C;+0:1].C-[N+](-C)(-C)-[O;-1:2],"[(1, 2)]","{1: 1, 2: 0}"
625,CO>>[C;+0:1]-[O;+0:2]-C1-C-C-C-C-O-1,[C;+0:1]-[O;+0:2]>>[C;+0:1]-[O;+0:2]-C1-C-C-C-C-O-1,[2],"{2: -1, 1: 0}"
626,CCN>>[C;+0:1]-[C;+0:2]=[N;+0:3],[C;+0:1]-[C;+0:2]-[N;+0:3]>>[C;+0:1]-[C;+0:2]=[N;+0:3],"[(2, 3)]","{1: 0, 2: -1, 3: -1}"
627,CCCN>>O-[C;+0:1]-[C@;+0:2]-[C@;+0:3].[N;+0:4],[C;+0:3]-[C;+0:2]-[C;+0:1]-[N;+0:4]>>O-[C;+0:1]-[C@;+0:2]-[C@;+0:3].[N;+0:4],"[(1, 4)]","{1: 0, 2: 0, 3: 0, 4: 1}"
628,CC>>Br-[C;+0:1].Br-[C;+0:2],[C;+0:1]-[C;+0:2]>>Br-[C;+0:1].Br-[C;+0:2],"[(1, 2)]","{2: 0, 1: 0}"
629,C=CCO>>C-C(=O)-[O;+0:1]-[C;+0:2]-[C;+0:3].O=[C;+0:4],[C;+0:4]=[C;+0:3]-[C;+0:2]-[O;+0:1]>>C-C(=O)-[O;+0:1]-[C;+0:2]-[C;+0:3].O=[C;+0:4],"[1, (3, 4)]","{1: -1, 2: 0, 3: 2, 4: 0}"
630,[O-]S>>Cl-[S;+0:1]=[O;+0:2],[S;+0:1]-[O;-1:2]>>Cl-[S;+0:1]=[O;+0:2],"[(2, 1)]","{1: 0, 2: 0}"
631,CCO>>Br-[C@;+0:1].[C;+0:2]=[O;+0:3],[C;+0:1]-[C;+0:2]-[O;+0:3]>>Br-[C@;+0:1].[C;+0:2]=[O;+0:3],"[(1, 2)]","{1: 0, 2: 0, 3: -1}"
632,O>>C-C(=O)-O-[C@H](-C(=O)-[O;+0:1])-c1:c:c:c:c:c:1,[O;+0:1]>>C-C(=O)-O-[C@H](-C(=O)-[O;+0:1])-c1:c:c:c:c:c:1,[1],{1: -1}
633,[CH2]:C:C:C(:[NH])O>>O=[C;+0:1]-[C;+0:2]-[C;+0:3](-[N;+0:4])=[O;+0:5].[c;+0:6],[O;+0:5]-[c;+0:3](:[n;+0:4]):[c;+0:2]:[c;+0:1]:[c;+0:6]>>O=[C;+0:1]-[C;+0:2]-[C;+0:3](-[N;+0:4])=[O;+0:5].[c;+0:6],"[(1, 6)]","{1: 0, 2: 1, 3: 0, 5: -1, 4: 1, 6: 1}"
634,O>>Cl-c1:c:c:c(-c2:n:c3:c:c:c:n:c:3:n:2-C-C(=O)-[O;+0:1]):c:c:1-Cl,[O;+0:1]>>Cl-c1:c:c:c(-c2:n:c3:c:c:c:n:c:3:n:2-C-C(=O)-[O;+0:1]):c:c:1-Cl,[1],{1: -1}
635,N[CH]1CC[C]2(O)[CH]3CC=C[C]2(CCN3)C1>>O=[C;+0:1]1-[C;+0:2]-[C;+0:3]-[C@@;+0:4]2(-[O;+0:5])-[C@@;+0:6]3-[C;+0:7]-[c;+0:8]:[c;+0:9]-[C@@;+0:10]-2(-[C;+0:11]-[C;+0:12]-[N;+0:13]-3)-[C@;+0:14]-1.[N;+0:15],[N;+0:15]-[C;+0:6]1-[C;+0:7]-[C;+0:11]-[C;+0:10]2(-[O;+0:5])-[C;+0:1]3-[C;+0:2]-[c;+0:8]:[c;+0:9]-[C;+0:4]-2(-[C;+0:3]-[C;+0:12]-[N;+0:13]-3)-[C;+0:14]-1>>O=[C;+0:1]1-[C;+0:2]-[C;+0:3]-[C@@;+0:4]2(-[O;+0:5])-[C@@;+0:6]3-[C;+0:7]-[c;+0:8]:[c;+0:9]-[C@@;+0:10]-2(-[C;+0:11]-[C;+0:12]-[N;+0:13]-3)-[C@;+0:14]-1.[N;+0:15],"[(1, 10), (1, 13), (10, 5), (7, 11), (6, 15), (6, 14), (4, 14), (4, 9), (3, 12), (2, 8)]","{1: -1, 10: 0, 5: 0, 11: 0, 7: 0, 6: 0, 15: 1, 14: 0, 4: 0, 3: 0, 12: 0, 13: 0, 9: 0, 8: 0, 2: 0}"
636,CC>>C-C-O-[C;+0:1].[C;+0:2],[C;+0:1]-[C;+0:2]>>C-C-O-[C;+0:1].[C;+0:2],"[(1, 2)]","{1: 0, 2: 1}"
637,CC>>Cl-[C;+0:1].I-[Zn]-[c;+0:2],[C;+0:1]-[c;+0:2]>>Cl-[C;+0:1].I-[Zn]-[c;+0:2],"[(1, 2)]","{1: 0, 2: 0}"
638,CCN>>I-[C;+0:1]-[C;+0:2].[N;+0:3],[C;+0:2]-[C;+0:1]-[N;+0:3]>>I-[C;+0:1]-[C;+0:2].[N;+0:3],"[(1, 3)]","{1: 0, 2: 0, 3: 1}"
639,CN>>Br-[C;+0:1].[n;-1:2],[C;+0:1]-[n;+0:2]>>Br-[C;+0:1].[n;-1:2],"[(1, 2)]","{1: 0, 2: 0}"
640,COC>>Br-[C;+0:1].[C;+0:2]-[O;+0:3],[C;+0:1]-[O;+0:3]-[C;+0:2]>>Br-[C;+0:1].[C;+0:2]-[O;+0:3],"[(1, 3)]","{1: 0, 3: 1, 2: 0}"
641,CO>>C-C(-C)(-C)-[Si](-C)(-C)-[O;+0:1]-[C;+0:2],[C;+0:2]-[O;+0:1]>>C-C(-C)(-C)-[Si](-C)(-C)-[O;+0:1]-[C;+0:2],[1],"{1: -1, 2: 0}"
642,[NH3+][O-]>>C-C(=O)-O-[O;+0:1].[n;+0:2],[O;-1:1]-[n;+1:2]>>C-C(=O)-O-[O;+0:1].[n;+0:2],"[(2, 1)]","{1: 1, 2: 0}"
643,NC(N)=S>>[N;+0:1].[N;+0:2]#[C;+0:3]-[S;-1:4],[N;+0:2]-[C;+0:3](-[N;+0:1])=[S;+0:4]>>[N;+0:1].[N;+0:2]#[C;+0:3]-[S;-1:4],"[(3, 1)]","{1: 1, 3: 0, 2: -2, 4: 0}"
644,CCCCN>>O-[C;+0:1]-[C;+0:2]-[C;+0:3]-[C;+0:4].[N;+0:5],[C;+0:4]-[C;+0:3]-[C;+0:2]-[C;+0:1]-[N;+0:5]>>O-[C;+0:1]-[C;+0:2]-[C;+0:3]-[C;+0:4].[N;+0:5],"[(1, 5)]","{1: 0, 2: 0, 3: 0, 4: 0, 5: 1}"
645,O>>C-S(=O)(=O)-[O;+0:1],[O;+0:1]>>C-S(=O)(=O)-[O;+0:1],[1],{1: -1}
646,CC>>Br-[c;+0:1].[Zn+]-[c;+0:2],[c;+0:1]-[c;+0:2]>>Br-[c;+0:1].[Zn+]-[c;+0:2],"[(1, 2)]","{1: 0, 2: 0}"
647,CN>>C-C-C-C-C-C(=O)-O-[C;+0:1].[N;+0:2],[C;+0:1]-[N;+0:2]>>C-C-C-C-C-C(=O)-O-[C;+0:1].[N;+0:2],"[(1, 2)]","{1: 0, 2: 1}"
648,CC>>F-[c;+0:1].[C;+0:2]-[Mg+],[c;+0:1]-[C;+0:2]>>F-[c;+0:1].[C;+0:2]-[Mg+],"[(1, 2)]","{1: 0, 2: 0}"
649,CNC>>Cl-[c;+0:1].[C;+0:2]-[N;+0:3],[c;+0:1]-[N;+0:3]-[C;+0:2]>>Cl-[c;+0:1].[C;+0:2]-[N;+0:3],"[(1, 3)]","{1: 0, 3: 1, 2: 0}"
650,[c;+0:1]1:[c;+0:2]:[n;+0:3]:[n;+0:4]:[n;+0:5]:1>>[C;+0:1]#[C;+0:2].[N;-1:3]=[N;+1:4]=[N;-1:5],[c;+0:1]1:[c;+0:2]:[n;+0:3]:[n;+0:4]:[n;+0:5]:1>>[C;+0:1]#[C;+0:2].[N;-1:3]=[N;+1:4]=[N;-1:5],"[(1, 5), (2, 3)]","{1: 0, 2: 0, 3: 0, 4: 0, 5: -1}"
651,BC>>C-C1(-C)-O-B(-[B;+0:1])-O-C-1(-C)-C.F-C(-F)(-F)-S(=O)(=O)-O-[C;+0:2],[B;+0:1]-[C;+0:2]>>C-C1(-C)-O-B(-[B;+0:1])-O-C-1(-C)-C.F-C(-F)(-F)-S(=O)(=O)-O-[C;+0:2],"[(1, 2)]","{1: 0, 2: 0}"
652,CC>>Br-[c;+0:1].O=C(-[O-])-C1-C=C-O-B(-[c;+0:2])-O-1,[c;+0:1]-[c;+0:2]>>Br-[c;+0:1].O=C(-[O-])-C1-C=C-O-B(-[c;+0:2])-O-1,"[(1, 2)]","{1: 0, 2: 0}"
653,[CH2]:N:[CH2]>>Cl-[c;+0:1].[C;+0:2]=[N;+0:3],[c;+0:1]:[n;+0:3]:[c;+0:2]>>Cl-[c;+0:1].[C;+0:2]=[N;+0:3],"[(1, 3)]","{1: 0, 2: 0, 3: 1}"
654,C=COP=O>>C-C-[O;+0:1]-[P;+0:2].Cl-[C;+0:3]-[C;+0:4]=[O;+0:5],[O;+0:1]=[P;+0:2]-[O;+0:5]-[C;+0:4]=[C;+0:3]>>C-C-[O;+0:1]-[P;+0:2].Cl-[C;+0:3]-[C;+0:4]=[O;+0:5],"[(5, 2)]","{1: 0, 2: 0, 5: 0, 4: 0, 3: 0}"
655,CC>>C-[Si](-C)(-C)-[c;+0:1].Cl-[C;+0:2],[C;+0:2]-[c;+0:1]>>C-[Si](-C)(-C)-[c;+0:1].Cl-[C;+0:2],"[(1, 2)]","{1: 0, 2: 0}"
656,CCCOC>>Br-[C;+0:1].[C;+0:2]-[C;+0:3]-[C;+0:4]-[O;+0:5],[C;+0:1]-[O;+0:5]-[C;+0:4]-[C;+0:3]-[C;+0:2]>>Br-[C;+0:1].[C;+0:2]-[C;+0:3]-[C;+0:4]-[O;+0:5],"[(1, 5)]","{1: 0, 5: 1, 4: 0, 3: 0, 2: 0}"
657,CN>>O=C(-O-[C;+0:1])-C1-C-C-1.[N;+0:2],[C;+0:1]-[N;+0:2]>>O=C(-O-[C;+0:1])-C1-C-C-1.[N;+0:2],"[(1, 2)]","{1: 0, 2: 1}"
658,CN>>C-C(-C)(-C-O-[C;+0:1])-N-S(=O)(=O)-C(-F)(-F)-F.[N;+0:2],[C;+0:1]-[N;+0:2]>>C-C(-C)(-C-O-[C;+0:1])-N-S(=O)(=O)-C(-F)(-F)-F.[N;+0:2],"[(1, 2)]","{1: 0, 2: 1}"
659,CN>>Br-C-C(=O)-O-[C;+0:1].[N;+0:2],[C;+0:1]-[N;+0:2]>>Br-C-C(=O)-O-[C;+0:1].[N;+0:2],"[(1, 2)]","{1: 0, 2: 1}"
660,CC>>Br-[c;+0:1].C=C-B1-O-B(-[C;+0:2])-O-B(-C=C)-O-1,[C;+0:2]-[c;+0:1]>>Br-[c;+0:1].C=C-B1-O-B(-[C;+0:2])-O-B(-C=C)-O-1,"[(1, 2)]","{1: 0, 2: 0}"
661,[CH2]:N:C:[NH]>>C-C-O-[C;+0:1].[N;+0:2]=[C;+0:3]\[N;+0:4],[c;+0:1]:[n;+0:4]:[c;+0:3]:[n;+0:2]>>C-C-O-[C;+0:1].[N;+0:2]=[C;+0:3]\[N;+0:4],"[(1, 4)]","{1: 0, 2: 0, 3: 0, 4: 1}"
662,[CH2]:C:[SH]:[CH2]>>Cl-[c;+0:1].[C;+0:2]=[C;+0:3]-[S;+0:4],[c;+0:1]:[s;+0:4]:[c;+0:3]:[c;+0:2]>>Cl-[c;+0:1].[C;+0:2]=[C;+0:3]-[S;+0:4],"[(1, 4)]","{1: 0, 2: 0, 3: 0, 4: 1}"
663,CCN>>Br-[C;+0:1]-[C;+0:2].[n;+0:3],[C;+0:2]-[C;+0:1]-[n;+0:3]>>Br-[C;+0:1]-[C;+0:2].[n;+0:3],"[(1, 3)]","{1: 0, 2: 0, 3: 1}"
664,CO>>C-S(=O)(=O)-O-[c;+0:1].[O;+0:2],[O;+0:2]-[c;+0:1]>>C-S(=O)(=O)-O-[c;+0:1].[O;+0:2],"[(1, 2)]","{1: 0, 2: 1}"
665,CO>>O-C(=O)/C=C/C=C/C=C/C=C/C(=O)-[O;+0:1]-[C@@;+0:2],[C;+0:2]-[O;+0:1]>>O-C(=O)/C=C/C=C/C=C/C=C/C(=O)-[O;+0:1]-[C@@;+0:2],[1],"{1: -1, 2: 0}"
666,C[SH]=O>>Cl-[c;+0:1].[O;+0:2]-[S;+0:3],[c;+0:1]-[S;+0:3]=[O;+0:2]>>Cl-[c;+0:1].[O;+0:2]-[S;+0:3],"[(1, 3)]","{1: 0, 3: 0, 2: 1}"
667,CCN>>C-C(-C)(-C)-O-C(=O)-[N;+0:1]-[C@;+0:2]-[C@@;+0:3],[C;+0:3]-[C;+0:2]-[N;+0:1]>>C-C(-C)(-C)-O-C(=O)-[N;+0:1]-[C@;+0:2]-[C@@;+0:3],[1],"{1: -1, 2: 0, 3: 0}"
668,CP=O>>Br-[C;+0:1].C-[O;+0:2]-[P;+0:3],[C;+0:1]-[P;+0:3]=[O;+0:2]>>Br-[C;+0:1].C-[O;+0:2]-[P;+0:3],"[(1, 3)]","{1: 0, 3: 0, 2: 0}"
669,CC>>C-N(-C)-[C;+0:1].I-[c;+0:2],[C;+0:1]-[c;+0:2]>>C-N(-C)-[C;+0:1].I-[c;+0:2],"[(1, 2)]","{1: 0, 2: 0}"
670,[CH2]:N:N:[CH2]>>C-C-O-[C;+0:1].[C;+0:2]=[N;+0:3]-[N;+0:4],[c;+0:1]:[n;+0:4]:[n;+0:3]:[c;+0:2]>>C-C-O-[C;+0:1].[C;+0:2]=[N;+0:3]-[N;+0:4],"[(1, 4)]","{1: 0, 2: 0, 3: 0, 4: 1}"
671,C1CO1>>O=S(-[O-])-O-[O;+0:1].[C;+0:2]=[C;+0:3],[C;+0:2]1-[C;+0:3]-[O;+0:1]-1>>O=S(-[O-])-O-[O;+0:1].[C;+0:2]=[C;+0:3],"[(2, 1), (3, 1)]","{1: 1, 2: 0, 3: 0}"
672,CN>>F-c1:c:c:c(-B2-O-B(-[c;+0:1])-O-B(-c3:c:c:c(-F):c:c:3)-O-2):c:c:1.[N;+0:2],[N;+0:2]-[c;+0:1]>>F-c1:c:c:c(-B2-O-B(-[c;+0:1])-O-B(-c3:c:c:c(-F):c:c:3)-O-2):c:c:1.[N;+0:2],"[(1, 2)]","{1: 0, 2: 1}"
673,C>>C-C(-C)(-C)-O-C(=O)-[C@;+0:1],[C;+0:1]>>C-C(-C)(-C)-O-C(=O)-[C@;+0:1],[1],{1: -1}
674,[c;+0:1]1:[c;+0:2]:[c;+0:3]:[n;+0:4]:[n;+0:5]:1>>[C;+0:1]#[C;+0:2].[C;+0:3]=[N;+1:4]=[N;-1:5],[c;+0:1]1:[c;+0:2]:[c;+0:3]:[n;+0:4]:[n;+0:5]:1>>[C;+0:1]#[C;+0:2].[C;+0:3]=[N;+1:4]=[N;-1:5],"[(2, 3), (1, 5)]","{3: 1, 4: 0, 5: -1, 1: 0, 2: 0}"
675,CN>>C-C-C-C(=O)-O-[C;+0:1].[N;+0:2],[C;+0:1]-[N;+0:2]>>C-C-C-C(=O)-O-[C;+0:1].[N;+0:2],"[(1, 2)]","{1: 0, 2: 1}"
676,CC>>C-O-C(=O)-[C;+0:1]-[C;+0:2],[C;+0:2]-[C;+0:1]>>C-O-C(=O)-[C;+0:1]-[C;+0:2],[1],"{1: -1, 2: 0}"
677,C[CH](N)[CH](C)C>>C-O-C(=O)-[C;+0:1](-[C;+0:2])(-[N;+0:3])-[C;+0:4](-[C;+0:5])-[c;+0:6],[C;+0:5]-[C;+0:1](-[c;+0:6])-[C;+0:4](-[C;+0:2])-[N;+0:3]>>C-O-C(=O)-[C;+0:1](-[C;+0:2])(-[N;+0:3])-[C;+0:4](-[C;+0:5])-[c;+0:6],"[(1, 6), (1, 5), (2, 4), (4, 3)]","{1: -1, 6: 0, 5: 0, 2: 0, 4: 0, 3: 0}"
678,CC>>Cl-[c;+0:1].I-[c;+0:2],[c;+0:1]-[c;+0:2]>>Cl-[c;+0:1].I-[c;+0:2],"[(1, 2)]","{1: 0, 2: 0}"
679,CN>>C-O-N=C(-C(=O)-O-[C;+0:1])-c1:c:s:c(-N-C(-c2:c:c:c:c:c:2)(-c2:c:c:c:c:c:2)-c2:c:c:c:c:c:2):n:1.[N;+0:2],[C;+0:1]-[N;+0:2]>>C-O-N=C(-C(=O)-O-[C;+0:1])-c1:c:s:c(-N-C(-c2:c:c:c:c:c:2)(-c2:c:c:c:c:c:2)-c2:c:c:c:c:c:2):n:1.[N;+0:2],"[(1, 2)]","{1: 0, 2: 1}"
680,O>>C-C-C-C-C-C-C-O-c1:c:c:c(-C(=O)-[O;+0:1]):c:c:1,[O;+0:1]>>C-C-C-C-C-C-C-O-c1:c:c:c(-C(=O)-[O;+0:1]):c:c:1,[1],{1: -1}
681,C1=CCCC=C1>>[c;+0:1]1:[c;+0:2]:[c;+0:3]:[c;+0:4]:[c;+0:5]:[c;+0:6]:1,[C;+0:1]1=[C;+0:2]-[C;+0:3]=[C;+0:4]-[C;+0:5]-[C;+0:6]-1>>[c;+0:1]1:[c;+0:2]:[c;+0:3]:[c;+0:4]:[c;+0:5]:[c;+0:6]:1,"[(1, 2)]","{1: 0, 2: 0, 3: 0, 4: 0, 5: -1, 6: -1}"
682,[CH2]:C:C:C:[NH]>>O=[C;+0:1]-[C;+0:2]=[C;+0:3].[N;+0:4].[c;+0:5],[n;+0:4]:[c;+0:3]:[c;+0:2]:[c;+0:1]:[c;+0:5]>>O=[C;+0:1]-[C;+0:2]=[C;+0:3].[N;+0:4].[c;+0:5],"[(1, 5), (3, 4)]","{1: 0, 2: 0, 3: 1, 4: 2, 5: 1}"
683,CN>>C-O-c1:c:c(-c2:n:c:n(/C=C\C(=O)-O-[C;+0:1]):n:2):c:c(-C(-F)(-F)-F):c:1.[N;+0:2],[C;+0:1]-[N;+0:2]>>C-O-c1:c:c(-c2:n:c:n(/C=C\C(=O)-O-[C;+0:1]):n:2):c:c(-C(-F)(-F)-F):c:1.[N;+0:2],"[(1, 2)]","{1: 0, 2: 1}"
684,C[CH](C)[CH](C)O>>[C;+0:1]-[C@;+0:2](-[C;+0:3])-[C;+0:4]=[O;+0:5].[C;+0:6]-[Mg+],[C;+0:1]-[C;+0:4](-[C;+0:3])-[C;+0:2](-[C;+0:6])-[O;+0:5]>>[C;+0:1]-[C@;+0:2](-[C;+0:3])-[C;+0:4]=[O;+0:5].[C;+0:6]-[Mg+],"[(1, 4), (3, 4), (2, 5), (2, 6)]","{1: 0, 4: 0, 2: 0, 5: -1, 6: 0, 3: 0}"
685,CN>>Br-[C@@;+0:1].[N;+0:2],[C;+0:1]-[N;+0:2]>>Br-[C@@;+0:1].[N;+0:2],"[(1, 2)]","{1: 0, 2: 1}"
686,CCO>>Br-[Mg]-[C;+0:1].[C;+0:2]=[O;+0:3],[C;+0:1]-[C;+0:2]-[O;+0:3]>>Br-[Mg]-[C;+0:1].[C;+0:2]=[O;+0:3],"[(1, 2)]","{1: 0, 2: 0, 3: -1}"
687,CC>>F-[C@@;+0:1].[c;+0:2],[C;+0:1]-[c;+0:2]>>F-[C@@;+0:1].[c;+0:2],"[(1, 2)]","{1: 0, 2: 1}"
688,O>>C-O-c1:c:c:c(-C(=O)-[O;+0:1]):c:c:1,[O;+0:1]>>C-O-c1:c:c:c(-C(=O)-[O;+0:1]):c:c:1,[1],{1: -1}
689,CC>>C-O-[C;+0:1].[C;+0:2],[C;+0:1]-[C;+0:2]>>C-O-[C;+0:1].[C;+0:2],"[(1, 2)]","{1: 0, 2: 1}"
690,CC>>Br-[C;+0:1].C-[Sn](-C)(-C)-[c;+0:2],[C;+0:1]-[c;+0:2]>>Br-[C;+0:1].C-[Sn](-C)(-C)-[c;+0:2],"[(1, 2)]","{1: 0, 2: 0}"
691,C=NS>>O=[C;+0:1].[N;+0:2]-[S@;+0:3],[C;+0:1]=[N;+0:2]-[S;+0:3]>>O=[C;+0:1].[N;+0:2]-[S@;+0:3],"[(1, 2)]","{1: 0, 2: 2, 3: 0}"
692,CC>>F-C(-F)(-F)-S(=O)(=O)-O-[C;+0:1].[C;+0:2],[C;+0:2]-[C;+0:1]>>F-C(-F)(-F)-S(=O)(=O)-O-[C;+0:1].[C;+0:2],"[(1, 2)]","{1: 0, 2: 1}"
693,CCOC>>[C;+0:1]-[O;+0:2].[C;+0:3]=[C;+0:4],[C;+0:1]-[O;+0:2]-[C;+0:4]-[C;+0:3]>>[C;+0:1]-[O;+0:2].[C;+0:3]=[C;+0:4],"[(4, 2)]","{3: -1, 4: 0, 1: 0, 2: 1}"
694,CCO>>C-O-[C;+0:1](-[C@;+0:2])=[O;+0:3],[C;+0:2]-[C;+0:1]-[O;+0:3]>>C-O-[C;+0:1](-[C@;+0:2])=[O;+0:3],"[(1, 3)]","{1: -2, 3: -1, 2: 0}"
695,ClCCCl>>[C;+0:1]=[C;+0:2].[Cl;+0:3]-[Cl;+0:4],[Cl;+0:3]-[C;+0:1]-[C;+0:2]-[Cl;+0:4]>>[C;+0:1]=[C;+0:2].[Cl;+0:3]-[Cl;+0:4],"[(1, 3), (2, 4)]","{1: 0, 2: 0, 4: 0, 3: 0}"
696,C=C>>F-C(-F)(-F)-C-O-P(=O)(-[C;+0:1])-O-C-C(-F)(-F)-F.O=[C;+0:2],[C;+0:1]=[C;+0:2]>>F-C(-F)(-F)-C-O-P(=O)(-[C;+0:1])-O-C-C(-F)(-F)-F.O=[C;+0:2],"[(1, 2)]","{1: 1, 2: 0}"
697,CCOC>>O-[C@;+0:1].[C;+0:2]-[C;+0:3]-[O;+0:4],[C;+0:1]-[O;+0:4]-[C;+0:3]-[C;+0:2]>>O-[C@;+0:1].[C;+0:2]-[C;+0:3]-[O;+0:4],"[(1, 4)]","{1: 0, 4: 1, 3: 0, 2: 0}"
698,O>>C-C-C-C-C(=O)-[O;+0:1],[O;+0:1]>>C-C-C-C-C(=O)-[O;+0:1],[1],{1: -1}
699,CC>>Br-[C;+0:1].C-C1(-C)-C-O-B(-[c;+0:2])-O-C-1,[C;+0:1]-[c;+0:2]>>Br-[C;+0:1].C-C1(-C)-C-O-B(-[c;+0:2])-O-C-1,"[(1, 2)]","{1: 0, 2: 0}"
700,CC>>C-[Si](-C)(-C)-[C;+0:1].Cl-[C;+0:2],[C;+0:2]-[C;+0:1]>>C-[Si](-C)(-C)-[C;+0:1].Cl-[C;+0:2],"[(1, 2)]","{1: 0, 2: 0}"
701,CN>>O=C1-[N;+0:1](-[C@;+0:2])-C(=O)-c2:c:c:c:c:c:2-1,[C;+0:2]-[N;+0:1]>>O=C1-[N;+0:1](-[C@;+0:2])-C(=O)-c2:c:c:c:c:c:2-1,[1],"{1: -2, 2: 0}"
702,CCN>>C-C(-C)(-C)-O-C(=O)-[N;+0:1]-[C@@;+0:2]-[C;+0:3],[C;+0:3]-[C;+0:2]-[N;+0:1]>>C-C(-C)(-C)-O-C(=O)-[N;+0:1]-[C@@;+0:2]-[C;+0:3],[1],"{1: -1, 2: 0, 3: 0}"
703,CN>>I-C-C(=O)-O-[C;+0:1].[N;+0:2],[C;+0:1]-[N;+0:2]>>I-C-C(=O)-O-[C;+0:1].[N;+0:2],"[(1, 2)]","{1: 0, 2: 1}"
704,[c;+0:3]1:[c;+0:4]:[n;+0:2]:[n;+0:1]:[n;+0:5]:1>>F-C(-F)(-F)-S(=O)(=O)-N=[N;+1:1]=[N;-1:2].[C;+0:3]#[C;+0:4].[N;+0:5],[c;+0:3]1:[c;+0:4]:[n;+0:2]:[n;+0:1]:[n;+0:5]:1>>F-C(-F)(-F)-S(=O)(=O)-N=[N;+1:1]=[N;-1:2].[C;+0:3]#[C;+0:4].[N;+0:5],"[(1, 5), (4, 2), (3, 5)]","{1: 0, 2: 0, 4: 0, 3: 0, 5: 2}"
705,CC[CH](C)O>>[C;+0:1]-[C;+0:2]-[C;+0:3]=[O;+0:4].[Mg+]-[c;+0:5],[C;+0:1]-[C;+0:2]-[C;+0:3](-[O;+0:4])-[c;+0:5]>>[C;+0:1]-[C;+0:2]-[C;+0:3]=[O;+0:4].[Mg+]-[c;+0:5],"[(3, 5)]","{2: 0, 3: 0, 4: -1, 5: 0, 1: 0}"
706,[c;+0:1]1:[n;+0:2]:[n;+0:5]:[n;+0:4]:[n;+0:3]:1>>[C;+0:1]#[N;+0:2].[N;-1:3]=[N;+1:4]=[N;-1:5],[c;+0:1]1:[n;+0:2]:[n;+0:5]:[n;+0:4]:[n;+0:3]:1>>[C;+0:1]#[N;+0:2].[N;-1:3]=[N;+1:4]=[N;-1:5],"[(1, 3), (2, 5)]","{1: 0, 2: 0, 5: 0, 4: 0, 3: -1}"
707,CN>>C-C(-C)(-C)-O-[C;+0:1].[N;+1:2],[C;+0:1]-[N;+0:2]>>C-C(-C)(-C)-O-[C;+0:1].[N;+1:2],"[(1, 2)]","{1: 0, 2: 2}"
708,CC>>I-[C;+0:1].[C;+0:2]-[Cu],[C;+0:1]-[C;+0:2]>>I-[C;+0:1].[C;+0:2]-[Cu],"[(1, 2)]","{1: 0, 2: 0}"
709,CC>>C-C-C-C-[Sn](-[C;+0:1])(-C-C-C-C)-C-C-C-C.Cl-[C;+0:2],[C;+0:1]-[C;+0:2]>>C-C-C-C-[Sn](-[C;+0:1])(-C-C-C-C)-C-C-C-C.Cl-[C;+0:2],"[(1, 2)]","{1: 0, 2: 0}"
710,CP=O>>Br-[c;+0:1].C-[O;+0:2]-[P;+0:3],[c;+0:1]-[P;+0:3]=[O;+0:2]>>Br-[c;+0:1].C-[O;+0:2]-[P;+0:3],"[(1, 3)]","{1: 0, 3: 0, 2: 0}"
711,O>>F-C(-F)(-F)-C(=O)-[O;+0:1],[O;+0:1]>>F-C(-F)(-F)-C(=O)-[O;+0:1],[1],{1: -1}
712,CN>>O-[C@@;+0:1].[n;+0:2],[C;+0:1]-[n;+0:2]>>O-[C@@;+0:1].[n;+0:2],"[(1, 2)]","{1: 0, 2: 1}"
713,CN>>O=[N+](-[O-])-c1:c:c:c(-C-O-[C;+0:1]):c:c:1.[N;+0:2],[C;+0:1]-[N;+0:2]>>O=[N+](-[O-])-c1:c:c:c(-C-O-[C;+0:1]):c:c:1.[N;+0:2],"[(1, 2)]","{1: 0, 2: 1}"
714,CN>>C-S(=O)(=O)-O-[C@@;+0:1].[n;+0:2],[C;+0:1]-[n;+0:2]>>C-S(=O)(=O)-O-[C@@;+0:1].[n;+0:2],"[(1, 2)]","{1: 0, 2: 1}"
715,[CH2]:[NH]>>C-O-[C;+0:1].[N;+0:2],[c;+0:1]:[n;+0:2]>>C-O-[C;+0:1].[N;+0:2],"[(1, 2)]","{1: 0, 2: 1}"
716,CCNC>>O-[C;+0:1].[C;+0:2]-[C;+0:3]-[N;+0:4],[C;+0:1]-[N;+0:4]-[C;+0:3]-[C;+0:2]>>O-[C;+0:1].[C;+0:2]-[C;+0:3]-[N;+0:4],"[(1, 4)]","{1: 0, 4: 1, 3: 0, 2: 0}"
717,CN>>[C@@;+0:1]-[N;+0:2]-C-c1:c:c:c:c:c:1,[C;+0:1]-[N;+0:2]>>[C@@;+0:1]-[N;+0:2]-C-c1:c:c:c:c:c:1,[2],"{2: -1, 1: 0}"
718,S>>C-C1(-C(=O)-[S;+0:1])-C-C-C-C-C-1,[S;+0:1]>>C-C1(-C(=O)-[S;+0:1])-C-C-C-C-C-1,[1],{1: -1}
719,CC>>C-[Si](-C)(-C)-[C;+0:1].F-C(-F)(-F)-S(=O)(=O)-O-[c;+0:2],[C;+0:1]-[c;+0:2]>>C-[Si](-C)(-C)-[C;+0:1].F-C(-F)(-F)-S(=O)(=O)-O-[c;+0:2],"[(1, 2)]","{1: 0, 2: 0}"
720,CNC>>C-C(=O)-O-[C;+0:1].[C;+0:2]-[N;+0:3],[C;+0:1]-[N;+0:3]-[C;+0:2]>>C-C(=O)-O-[C;+0:1].[C;+0:2]-[N;+0:3],"[(1, 3)]","{1: 0, 3: 1, 2: 0}"
721,CBr>>Br-C(-Br)(-Br)-[Br;+0:1].O-[C@@;+0:2],[Br;+0:1]-[C;+0:2]>>Br-C(-Br)(-Br)-[Br;+0:1].O-[C@@;+0:2],"[(2, 1)]","{1: 0, 2: 0}"
722,O>>Br-C-C-C-C-C(=O)-[O;+0:1],[O;+0:1]>>Br-C-C-C-C-C(=O)-[O;+0:1],[1],{1: -1}
723,CN>>C-S(=O)(=O)-O-[C@;+0:1].[n;+0:2],[C;+0:1]-[n;+0:2]>>C-S(=O)(=O)-O-[C@;+0:1].[n;+0:2],"[(1, 2)]","{1: 0, 2: 1}"
724,O>>C-O-C(=O)-C-C-C(=O)-[O;+0:1],[O;+0:1]>>C-O-C(=O)-C-C-C(=O)-[O;+0:1],[1],{1: -1}
725,OCCCCO>>[O;+0:1]=[C;+0:2]1-[C@;+0:3]-[C@;+0:4]-[C;+0:5]-[O;+0:6]-1,[O;+0:1]-[C;+0:2]-[C;+0:3]-[C;+0:4]-[C;+0:5]-[O;+0:6]>>[O;+0:1]=[C;+0:2]1-[C@;+0:3]-[C@;+0:4]-[C;+0:5]-[O;+0:6]-1,"[6, (2, 1)]","{1: -1, 2: -2, 3: 0, 4: 0, 5: 0, 6: -1}"
726,C=C[CH]:[CH]C(C)O>>Br-[C;+0:1].[O;+0:2]=[c;+0:3]:[c;+0:4]:[c;+0:5]:[c;+0:6]:[c;+0:7],[C;+0:7]=[C;+0:6]-[c;+0:5]:[c;+0:4]-[C;+0:3](-[C;+0:1])-[O;+0:2]>>Br-[C;+0:1].[O;+0:2]=[c;+0:3]:[c;+0:4]:[c;+0:5]:[c;+0:6]:[c;+0:7],"[(1, 3)]","{1: 0, 3: 0, 2: -1, 4: 0, 5: 0, 6: 0, 7: 0}"
727,O>>Cl-c1:c:c:c:c(-C(=O)-[O;+0:1]):c:1,[O;+0:1]>>Cl-c1:c:c:c:c(-C(=O)-[O;+0:1]):c:1,[1],{1: -1}
728,CCS>>Cl-[C;+0:1]-[C@;+0:2].[S;+0:3],[C;+0:2]-[C;+0:1]-[S;+0:3]>>Cl-[C;+0:1]-[C@;+0:2].[S;+0:3],"[(1, 3)]","{1: 0, 2: 0, 3: 1}"
729,CC>>Br-[c;+0:1].[c;+0:2]-B1-O-C-C-C-O-1,[c;+0:1]-[c;+0:2]>>Br-[c;+0:1].[c;+0:2]-B1-O-C-C-C-O-1,"[(1, 2)]","{1: 0, 2: 0}"
730,CO>>C-C(-C)-O-[C;+0:1]=[O;+0:2],[C;+0:1]-[O;+0:2]>>C-C(-C)-O-[C;+0:1]=[O;+0:2],"[(1, 2)]","{1: -2, 2: -1}"
